megye,telepules,szavazokor,part,szavazat
1,1,1,SZOCIÁLDEMOKRATÁK, 3 
1,1,1,LMP, 123 
1,1,1,FIDESZ-KDNP, 395 
1,1,1,JOBBIK, 68 
1,1,1,MSZP-EGYÜTT-DK-PM-MLP, 244 
1,1,2,SZOCIÁLDEMOKRATÁK, 3 
1,1,2,LMP, 98 
1,1,2,FIDESZ-KDNP, 349 
1,1,2,JOBBIK, 44 
1,1,2,MSZP-EGYÜTT-DK-PM-MLP, 252 
1,1,3,SZOCIÁLDEMOKRATÁK, 7 
1,1,3,LMP, 77 
1,1,3,FIDESZ-KDNP, 354 
1,1,3,JOBBIK, 58 
1,1,3,MSZP-EGYÜTT-DK-PM-MLP, 187 
1,1,4,SZOCIÁLDEMOKRATÁK, 8 
1,1,4,LMP, 89 
1,1,4,FIDESZ-KDNP, 364 
1,1,4,JOBBIK, 43 
1,1,4,MSZP-EGYÜTT-DK-PM-MLP, 206 
1,2,1,ÖP, 5 
1,2,1,FIDESZ-KDNP, 393 
1,2,1,MSZP-EGYÜTT-DK-PM-MLP, 277 
1,2,1,JOBBIK, 59 
1,2,1,LMP, 71 
1,2,2,ÖP, 5 
1,2,2,FIDESZ-KDNP, 339 
1,2,2,MSZP-EGYÜTT-DK-PM-MLP, 261 
1,2,2,JOBBIK, 40 
1,2,2,LMP, 67 
1,2,3,ÖP, 5 
1,2,3,FIDESZ-KDNP, 210 
1,2,3,MSZP-EGYÜTT-DK-PM-MLP, 203 
1,2,3,JOBBIK, 38 
1,2,3,LMP, 42 
1,2,4,ÖP, 3 
1,2,4,FIDESZ-KDNP, 357 
1,2,4,MSZP-EGYÜTT-DK-PM-MLP, 273 
1,2,4,JOBBIK, 48 
1,2,4,LMP, 68 
1,3,1,ÖP, 6 
1,3,1,FIDESZ-KDNP, 279 
1,3,1,MSZP-EGYÜTT-DK-PM-MLP, 243 
1,3,1,JOBBIK, 44 
1,3,1,LMP, 61 
1,3,2,ÖP, 10 
1,3,2,FIDESZ-KDNP, 240 
1,3,2,MSZP-EGYÜTT-DK-PM-MLP, 238 
1,3,2,JOBBIK, 41 
1,3,2,LMP, 46 
1,3,3,ÖP, 8 
1,3,3,FIDESZ-KDNP, 230 
1,3,3,MSZP-EGYÜTT-DK-PM-MLP, 275 
1,3,3,JOBBIK, 45 
1,3,3,LMP, 60 
1,3,4,ÖP, 7 
1,3,4,FIDESZ-KDNP, 267 
1,3,4,MSZP-EGYÜTT-DK-PM-MLP, 206 
1,3,4,JOBBIK, 74 
1,3,4,LMP, 71 
1,4,1,MKSZU, 1 
1,4,1,JOBBIK, 67 
1,4,1,SZOCIÁLDEMOKRATÁK, 1 
1,4,1,MSZP-EGYÜTT-DK-PM-MLP, 298 
1,4,1,A HAZA NEM ELADÓ, 3 
1,4,1,SEM, 6 
1,4,1,JESZ, 1 
1,4,1,FIDESZ-KDNP, 197 
1,4,1,LMP, 49 
1,4,1,MCP, 0 
1,4,1,MUNKÁSPÁRT, 3 
1,4,1,SMS, 1 
1,4,1,ÖP, 1 
1,4,2,MKSZU, 1 
1,4,2,JOBBIK, 88 
1,4,2,SZOCIÁLDEMOKRATÁK, 0 
1,4,2,MSZP-EGYÜTT-DK-PM-MLP, 345 
1,4,2,A HAZA NEM ELADÓ, 3 
1,4,2,SEM, 10 
1,4,2,JESZ, 0 
1,4,2,FIDESZ-KDNP, 253 
1,4,2,LMP, 82 
1,4,2,MCP, 0 
1,4,2,MUNKÁSPÁRT, 5 
1,4,2,SMS, 6 
1,4,2,ÖP, 3 
1,4,3,MKSZU, 2 
1,4,3,JOBBIK, 112 
1,4,3,SZOCIÁLDEMOKRATÁK, 2 
1,4,3,MSZP-EGYÜTT-DK-PM-MLP, 292 
1,4,3,A HAZA NEM ELADÓ, 2 
1,4,3,SEM, 7 
1,4,3,JESZ, 2 
1,4,3,FIDESZ-KDNP, 222 
1,4,3,LMP, 78 
1,4,3,MCP, 0 
1,4,3,MUNKÁSPÁRT, 2 
1,4,3,SMS, 6 
1,4,3,ÖP, 3 
1,4,4,MKSZU, 1 
1,4,4,JOBBIK, 52 
1,4,4,SZOCIÁLDEMOKRATÁK, 4 
1,4,4,MSZP-EGYÜTT-DK-PM-MLP, 288 
1,4,4,A HAZA NEM ELADÓ, 1 
1,4,4,SEM, 5 
1,4,4,JESZ, 0 
1,4,4,FIDESZ-KDNP, 319 
1,4,4,LMP, 111 
1,4,4,MCP, 0 
1,4,4,MUNKÁSPÁRT, 1 
1,4,4,SMS, 6 
1,4,4,ÖP, 3 
2,1,1,MSZP-EGYÜTT-DK-PM-MLP, 79 
2,1,1,KTI, 4 
2,1,1,MGP, 1 
2,1,1,LMP, 19 
2,1,1,TEMPO, 0 
2,1,1,JESZ, 2 
2,1,1,ÚDP, 0 
2,1,1,A HAZA NEM ELADÓ, 3 
2,1,1,EURÓPAI BALOLDAL, 2 
2,1,1,FIDESZ-KDNP, 124 
2,1,1,SZMP, 0 
2,1,1,Független, 2 
2,1,1,MACSEP, 0 
2,1,1,ÚMP, 0 
2,1,1,SZOCIÁLDEMOKRATÁK, 0 
2,1,1,SEM, 0 
2,1,1,HATMAP, 4 
2,1,1,KMSZ, 0 
2,1,1,MRPP, 0 
2,1,1,MCF, 0 
2,1,1,ÖP, 2 
2,1,1,EGYIKSEM, 0 
2,1,1,MCP, 3 
2,1,1,JOBBIK, 68 
2,1,1,MDU, 0 
2,1,1,EU. ROM, 0 
2,1,1,FKGP, 1 
2,1,1,SMS, 0 
2,1,1,"REND, SZABADSÁG", 0 
2,2,1,MSZP-EGYÜTT-DK-PM-MLP, 33 
2,2,1,KTI, 0 
2,2,1,MGP, 0 
2,2,1,LMP, 6 
2,2,1,TEMPO, 0 
2,2,1,JESZ, 0 
2,2,1,ÚDP, 0 
2,2,1,A HAZA NEM ELADÓ, 0 
2,2,1,EURÓPAI BALOLDAL, 1 
2,2,1,FIDESZ-KDNP, 27 
2,2,1,SZMP, 0 
2,2,1,Független, 1 
2,2,1,MACSEP, 0 
2,2,1,ÚMP, 0 
2,2,1,SZOCIÁLDEMOKRATÁK, 0 
2,2,1,SEM, 0 
2,2,1,HATMAP, 0 
2,2,1,KMSZ, 0 
2,2,1,MRPP, 0 
2,2,1,MCF, 0 
2,2,1,ÖP, 0 
2,2,1,EGYIKSEM, 0 
2,2,1,MCP, 4 
2,2,1,JOBBIK, 4 
2,2,1,MDU, 0 
2,2,1,EU. ROM, 0 
2,2,1,FKGP, 1 
2,2,1,SMS, 0 
2,2,1,"REND, SZABADSÁG", 0 
2,3,1,MSZP-EGYÜTT-DK-PM-MLP, 54 
2,3,1,KTI, 0 
2,3,1,MGP, 0 
2,3,1,LMP, 4 
2,3,1,TEMPO, 0 
2,3,1,JESZ, 3 
2,3,1,ÚDP, 0 
2,3,1,A HAZA NEM ELADÓ, 0 
2,3,1,EURÓPAI BALOLDAL, 0 
2,3,1,FIDESZ-KDNP, 123 
2,3,1,SZMP, 0 
2,3,1,Független, 1 
2,3,1,MACSEP, 0 
2,3,1,ÚMP, 0 
2,3,1,SZOCIÁLDEMOKRATÁK, 0 
2,3,1,SEM, 0 
2,3,1,HATMAP, 0 
2,3,1,KMSZ, 0 
2,3,1,MRPP, 0 
2,3,1,MCF, 0 
2,3,1,ÖP, 1 
2,3,1,EGYIKSEM, 0 
2,3,1,MCP, 0 
2,3,1,JOBBIK, 29 
2,3,1,MDU, 0 
2,3,1,EU. ROM, 1 
2,3,1,FKGP, 0 
2,3,1,SMS, 0 
2,3,1,"REND, SZABADSÁG", 0 
2,4,1,MSZP-EGYÜTT-DK-PM-MLP, 6 
2,4,1,KTI, 0 
2,4,1,MGP, 0 
2,4,1,LMP, 1 
2,4,1,TEMPO, 0 
2,4,1,JESZ, 0 
2,4,1,ÚDP, 0 
2,4,1,A HAZA NEM ELADÓ, 0 
2,4,1,EURÓPAI BALOLDAL, 0 
2,4,1,FIDESZ-KDNP, 23 
2,4,1,SZMP, 0 
2,4,1,Független, 0 
2,4,1,MACSEP, 0 
2,4,1,ÚMP, 0 
2,4,1,SZOCIÁLDEMOKRATÁK, 0 
2,4,1,SEM, 1 
2,4,1,HATMAP, 0 
2,4,1,KMSZ, 1 
2,4,1,MRPP, 0 
2,4,1,MCF, 0 
2,4,1,ÖP, 0 
2,4,1,EGYIKSEM, 1 
2,4,1,MCP, 0 
2,4,1,JOBBIK, 8 
2,4,1,MDU, 0 
2,4,1,EU. ROM, 0 
2,4,1,FKGP, 1 
2,4,1,SMS, 0 
2,4,1,"REND, SZABADSÁG", 0 
3,1,1,JOBBIK, 364 
3,1,1,MCF, 0 
3,1,1,TEMPO, 0 
3,1,1,ÚDP, 0 
3,1,1,FIDESZ-KDNP, 370 
3,1,1,MDU, 1 
3,1,1,Független, 4 
3,1,1,HATMAP, 0 
3,1,1,KTI, 1 
3,1,1,EGYÜTT 2014, 3 
3,1,1,LMP, 12 
3,1,1,"REND, SZABADSÁG", 0 
3,1,1,MCP, 0 
3,1,1,MSZP-EGYÜTT-DK-PM-MLP, 105 
3,1,1,ÚMP, 1 
3,1,1,MACSEP, 0 
3,1,1,SZOCIÁLDEMOKRATÁK, 0 
3,1,2,JOBBIK, 292 
3,1,2,MCF, 0 
3,1,2,TEMPO, 0 
3,1,2,ÚDP, 0 
3,1,2,FIDESZ-KDNP, 357 
3,1,2,MDU, 1 
3,1,2,Független, 1 
3,1,2,HATMAP, 0 
3,1,2,KTI, 2 
3,1,2,EGYÜTT 2014, 2 
3,1,2,LMP, 10 
3,1,2,"REND, SZABADSÁG", 0 
3,1,2,MCP, 2 
3,1,2,MSZP-EGYÜTT-DK-PM-MLP, 60 
3,1,2,ÚMP, 0 
3,1,2,MACSEP, 0 
3,1,2,SZOCIÁLDEMOKRATÁK, 2 
3,2,1,JOBBIK, 110 
3,2,1,MCF, 1 
3,2,1,TEMPO, 1 
3,2,1,ÚDP, 0 
3,2,1,FIDESZ-KDNP, 237 
3,2,1,MDU, 0 
3,2,1,Független, 1 
3,2,1,HATMAP, 1 
3,2,1,KTI, 0 
3,2,1,EGYÜTT 2014, 3 
3,2,1,LMP, 15 
3,2,1,"REND, SZABADSÁG", 1 
3,2,1,MCP, 0 
3,2,1,MSZP-EGYÜTT-DK-PM-MLP, 88 
3,2,1,ÚMP, 0 
3,2,1,MACSEP, 0 
3,2,1,SZOCIÁLDEMOKRATÁK, 0 
3,2,2,JOBBIK, 124 
3,2,2,MCF, 1 
3,2,2,TEMPO, 1 
3,2,2,ÚDP, 0 
3,2,2,FIDESZ-KDNP, 216 
3,2,2,MDU, 1 
3,2,2,Független, 1 
3,2,2,HATMAP, 0 
3,2,2,KTI, 3 
3,2,2,EGYÜTT 2014, 2 
3,2,2,LMP, 14 
3,2,2,"REND, SZABADSÁG", 1 
3,2,2,MCP, 0 
3,2,2,MSZP-EGYÜTT-DK-PM-MLP, 90 
3,2,2,ÚMP, 1 
3,2,2,MACSEP, 0 
3,2,2,SZOCIÁLDEMOKRATÁK, 2 
3,3,1,LMP, 16 
3,3,1,KTI, 3 
3,3,1,EGYÜTT 2014, 0 
3,3,1,HATMAP, 0 
3,3,1,MSZP-EGYÜTT-DK-PM-MLP, 63 
3,3,1,MDU, 0 
3,3,1,SMS, 1 
3,3,1,"REND, SZABADSÁG", 0 
3,3,1,MACSEP, 0 
3,3,1,ÚMP, 1 
3,3,1,JOBBIK, 80 
3,3,1,SZOCIÁLDEMOKRATÁK, 1 
3,3,1,JESZ, 2 
3,3,1,FIDESZ-KDNP, 260 
3,3,1,ÖP, 0 
3,3,2,LMP, 9 
3,3,2,KTI, 0 
3,3,2,EGYÜTT 2014, 3 
3,3,2,HATMAP, 0 
3,3,2,MSZP-EGYÜTT-DK-PM-MLP, 49 
3,3,2,MDU, 0 
3,3,2,SMS, 0 
3,3,2,"REND, SZABADSÁG", 0 
3,3,2,MACSEP, 0 
3,3,2,ÚMP, 0 
3,3,2,JOBBIK, 82 
3,3,2,SZOCIÁLDEMOKRATÁK, 0 
3,3,2,JESZ, 0 
3,3,2,FIDESZ-KDNP, 238 
3,3,2,ÖP, 0 
3,4,1,FIDESZ-KDNP, 319 
3,4,1,MAJP, 5 
3,4,1,JOBBIK, 101 
3,4,1,MSZP-EGYÜTT-DK-PM-MLP, 163 
3,4,1,MCF, 0 
3,4,1,SZOCIÁLDEMOKRATÁK, 1 
3,4,1,LMP, 38 
3,4,1,SMS, 2 
3,4,1,MKSZU, 1 
3,4,1,KTI, 4 
3,4,1,MGP, 1 
3,4,1,JESZ, 2 
3,4,1,MUNKÁSPÁRT, 1 
3,4,1,TEMPO, 4 
3,4,1,MACSEP, 0 
3,4,2,FIDESZ-KDNP, 346 
3,4,2,MAJP, 0 
3,4,2,JOBBIK, 128 
3,4,2,MSZP-EGYÜTT-DK-PM-MLP, 156 
3,4,2,MCF, 0 
3,4,2,SZOCIÁLDEMOKRATÁK, 1 
3,4,2,LMP, 36 
3,4,2,SMS, 0 
3,4,2,MKSZU, 0 
3,4,2,KTI, 0 
3,4,2,MGP, 0 
3,4,2,JESZ, 2 
3,4,2,MUNKÁSPÁRT, 2 
3,4,2,TEMPO, 3 
3,4,2,MACSEP, 0 
3,4,3,FIDESZ-KDNP, 231 
3,4,3,MAJP, 4 
3,4,3,JOBBIK, 102 
3,4,3,MSZP-EGYÜTT-DK-PM-MLP, 213 
3,4,3,MCF, 1 
3,4,3,SZOCIÁLDEMOKRATÁK, 0 
3,4,3,LMP, 30 
3,4,3,SMS, 2 
3,4,3,MKSZU, 2 
3,4,3,KTI, 0 
3,4,3,MGP, 1 
3,4,3,JESZ, 0 
3,4,3,MUNKÁSPÁRT, 4 
3,4,3,TEMPO, 1 
3,4,3,MACSEP, 0 
3,4,4,FIDESZ-KDNP, 314 
3,4,4,MAJP, 1 
3,4,4,JOBBIK, 85 
3,4,4,MSZP-EGYÜTT-DK-PM-MLP, 209 
3,4,4,MCF, 0 
3,4,4,SZOCIÁLDEMOKRATÁK, 2 
3,4,4,LMP, 40 
3,4,4,SMS, 0 
3,4,4,MKSZU, 0 
3,4,4,KTI, 0 
3,4,4,MGP, 3 
3,4,4,JESZ, 5 
3,4,4,MUNKÁSPÁRT, 5 
3,4,4,TEMPO, 3 
3,4,4,MACSEP, 0 
4,1,1,LMP, 12 
4,1,1,FIDESZ-KDNP, 265 
4,1,1,JOBBIK, 91 
4,1,1,SZAVA, 0 
4,1,1,SZOCIÁLDEMOKRATÁK, 1 
4,1,1,MCP, 1 
4,1,1,HATMAP, 0 
4,1,1,SZDP, 1 
4,1,1,MDU, 0 
4,1,1,Független, 0 
4,1,1,ÖP, 0 
4,1,1,ÚMP, 0 
4,1,1,MACSEP, 0 
4,1,1,MUNKÁSPÁRT, 2 
4,1,1,MCF, 0 
4,1,1,MSZP-EGYÜTT-DK-PM-MLP, 43 
4,1,1,SMS, 2 
4,1,1,"REND, SZABADSÁG", 0 
4,1,1,EGYÜTT 2014, 4 
4,1,1,A HAZA NEM ELADÓ, 5 
4,1,1,ÚDP, 0 
4,2,1,LMP, 7 
4,2,1,FIDESZ-KDNP, 152 
4,2,1,JOBBIK, 80 
4,2,1,SZAVA, 0 
4,2,1,SZOCIÁLDEMOKRATÁK, 1 
4,2,1,MCP, 1 
4,2,1,HATMAP, 0 
4,2,1,SZDP, 0 
4,2,1,MDU, 0 
4,2,1,Független, 2 
4,2,1,ÖP, 1 
4,2,1,ÚMP, 0 
4,2,1,MACSEP, 0 
4,2,1,MUNKÁSPÁRT, 9 
4,2,1,MCF, 0 
4,2,1,MSZP-EGYÜTT-DK-PM-MLP, 76 
4,2,1,SMS, 1 
4,2,1,"REND, SZABADSÁG", 1 
4,2,1,EGYÜTT 2014, 2 
4,2,1,A HAZA NEM ELADÓ, 1 
4,2,1,ÚDP, 0 
4,2,2,LMP, 13 
4,2,2,FIDESZ-KDNP, 172 
4,2,2,JOBBIK, 66 
4,2,2,SZAVA, 0 
4,2,2,SZOCIÁLDEMOKRATÁK, 0 
4,2,2,MCP, 0 
4,2,2,HATMAP, 1 
4,2,2,SZDP, 0 
4,2,2,MDU, 1 
4,2,2,Független, 1 
4,2,2,ÖP, 3 
4,2,2,ÚMP, 0 
4,2,2,MACSEP, 0 
4,2,2,MUNKÁSPÁRT, 8 
4,2,2,MCF, 0 
4,2,2,MSZP-EGYÜTT-DK-PM-MLP, 128 
4,2,2,SMS, 5 
4,2,2,"REND, SZABADSÁG", 0 
4,2,2,EGYÜTT 2014, 0 
4,2,2,A HAZA NEM ELADÓ, 2 
4,2,2,ÚDP, 0 
4,2,3,LMP, 7 
4,2,3,FIDESZ-KDNP, 167 
4,2,3,JOBBIK, 37 
4,2,3,SZAVA, 0 
4,2,3,SZOCIÁLDEMOKRATÁK, 0 
4,2,3,MCP, 1 
4,2,3,HATMAP, 0 
4,2,3,SZDP, 0 
4,2,3,MDU, 0 
4,2,3,Független, 0 
4,2,3,ÖP, 2 
4,2,3,ÚMP, 0 
4,2,3,MACSEP, 0 
4,2,3,MUNKÁSPÁRT, 7 
4,2,3,MCF, 0 
4,2,3,MSZP-EGYÜTT-DK-PM-MLP, 66 
4,2,3,SMS, 3 
4,2,3,"REND, SZABADSÁG", 0 
4,2,3,EGYÜTT 2014, 0 
4,2,3,A HAZA NEM ELADÓ, 1 
4,2,3,ÚDP, 0 
4,2,4,LMP, 8 
4,2,4,FIDESZ-KDNP, 175 
4,2,4,JOBBIK, 88 
4,2,4,SZAVA, 0 
4,2,4,SZOCIÁLDEMOKRATÁK, 0 
4,2,4,MCP, 7 
4,2,4,HATMAP, 0 
4,2,4,SZDP, 3 
4,2,4,MDU, 0 
4,2,4,Független, 1 
4,2,4,ÖP, 0 
4,2,4,ÚMP, 0 
4,2,4,MACSEP, 0 
4,2,4,MUNKÁSPÁRT, 7 
4,2,4,MCF, 0 
4,2,4,MSZP-EGYÜTT-DK-PM-MLP, 110 
4,2,4,SMS, 0 
4,2,4,"REND, SZABADSÁG", 1 
4,2,4,EGYÜTT 2014, 0 
4,2,4,A HAZA NEM ELADÓ, 1 
4,2,4,ÚDP, 0 
4,3,1,SZOCIÁLDEMOKRATÁK, 0 
4,3,1,MSZP-EGYÜTT-DK-PM-MLP, 75 
4,3,1,MACSEP, 1 
4,3,1,MSZDP, 0 
4,3,1,FIDESZ-KDNP, 343 
4,3,1,ÚMP, 0 
4,3,1,KTI, 3 
4,3,1,LMP, 20 
4,3,1,SZAVA, 0 
4,3,1,NEMZETI ÉRDEKÉRT, 0 
4,3,1,A HAZA NEM ELADÓ, 10 
4,3,1,ÚDP, 0 
4,3,1,ÖP, 1 
4,3,1,JOBBIK, 173 
4,3,2,SZOCIÁLDEMOKRATÁK, 7 
4,3,2,MSZP-EGYÜTT-DK-PM-MLP, 95 
4,3,2,MACSEP, 1 
4,3,2,MSZDP, 4 
4,3,2,FIDESZ-KDNP, 272 
4,3,2,ÚMP, 1 
4,3,2,KTI, 0 
4,3,2,LMP, 19 
4,3,2,SZAVA, 0 
4,3,2,NEMZETI ÉRDEKÉRT, 0 
4,3,2,A HAZA NEM ELADÓ, 7 
4,3,2,ÚDP, 0 
4,3,2,ÖP, 2 
4,3,2,JOBBIK, 142 
4,3,3,SZOCIÁLDEMOKRATÁK, 0 
4,3,3,MSZP-EGYÜTT-DK-PM-MLP, 155 
4,3,3,MACSEP, 3 
4,3,3,MSZDP, 2 
4,3,3,FIDESZ-KDNP, 323 
4,3,3,ÚMP, 2 
4,3,3,KTI, 0 
4,3,3,LMP, 35 
4,3,3,SZAVA, 0 
4,3,3,NEMZETI ÉRDEKÉRT, 0 
4,3,3,A HAZA NEM ELADÓ, 7 
4,3,3,ÚDP, 1 
4,3,3,ÖP, 1 
4,3,3,JOBBIK, 175 
4,3,4,SZOCIÁLDEMOKRATÁK, 3 
4,3,4,MSZP-EGYÜTT-DK-PM-MLP, 120 
4,3,4,MACSEP, 1 
4,3,4,MSZDP, 4 
4,3,4,FIDESZ-KDNP, 350 
4,3,4,ÚMP, 0 
4,3,4,KTI, 1 
4,3,4,LMP, 55 
4,3,4,SZAVA, 0 
4,3,4,NEMZETI ÉRDEKÉRT, 12 
4,3,4,A HAZA NEM ELADÓ, 9 
4,3,4,ÚDP, 0 
4,3,4,ÖP, 0 
4,3,4,JOBBIK, 164 
4,4,1,ÖP, 0 
4,4,1,MUNKÁSPÁRT, 3 
4,4,1,LMP, 36 
4,4,1,SEM, 9 
4,4,1,JESZ, 0 
4,4,1,MACSEP, 0 
4,4,1,ÚDP, 0 
4,4,1,SZOCIÁLDEMOKRATÁK, 2 
4,4,1,SMS, 4 
4,4,1,A HAZA NEM ELADÓ, 6 
4,4,1,MSZP-EGYÜTT-DK-PM-MLP, 106 
4,4,1,ÚMP, 1 
4,4,1,JOBBIK, 58 
4,4,1,FIDESZ-KDNP, 164 
4,4,1,NEMZETI ÉRDEKÉRT, 0 
4,4,2,ÖP, 1 
4,4,2,MUNKÁSPÁRT, 1 
4,4,2,LMP, 29 
4,4,2,SEM, 5 
4,4,2,JESZ, 0 
4,4,2,MACSEP, 0 
4,4,2,ÚDP, 0 
4,4,2,SZOCIÁLDEMOKRATÁK, 1 
4,4,2,SMS, 4 
4,4,2,A HAZA NEM ELADÓ, 10 
4,4,2,MSZP-EGYÜTT-DK-PM-MLP, 129 
4,4,2,ÚMP, 0 
4,4,2,JOBBIK, 55 
4,4,2,FIDESZ-KDNP, 170 
4,4,2,NEMZETI ÉRDEKÉRT, 0 
4,4,3,ÖP, 1 
4,4,3,MUNKÁSPÁRT, 0 
4,4,3,LMP, 29 
4,4,3,SEM, 2 
4,4,3,JESZ, 1 
4,4,3,MACSEP, 0 
4,4,3,ÚDP, 0 
4,4,3,SZOCIÁLDEMOKRATÁK, 1 
4,4,3,SMS, 1 
4,4,3,A HAZA NEM ELADÓ, 5 
4,4,3,MSZP-EGYÜTT-DK-PM-MLP, 157 
4,4,3,ÚMP, 0 
4,4,3,JOBBIK, 38 
4,4,3,FIDESZ-KDNP, 195 
4,4,3,NEMZETI ÉRDEKÉRT, 0 
4,4,4,ÖP, 4 
4,4,4,MUNKÁSPÁRT, 2 
4,4,4,LMP, 56 
4,4,4,SEM, 3 
4,4,4,JESZ, 1 
4,4,4,MACSEP, 1 
4,4,4,ÚDP, 0 
4,4,4,SZOCIÁLDEMOKRATÁK, 0 
4,4,4,SMS, 6 
4,4,4,A HAZA NEM ELADÓ, 7 
4,4,4,MSZP-EGYÜTT-DK-PM-MLP, 207 
4,4,4,ÚMP, 0 
4,4,4,JOBBIK, 83 
4,4,4,FIDESZ-KDNP, 253 
4,4,4,NEMZETI ÉRDEKÉRT, 0 
5,1,1,A VÁLASZ, 0 
5,1,1,JOBBIK, 15 
5,1,1,LMP, 0 
5,1,1,ÚDP, 0 
5,1,1,MCP, 0 
5,1,1,MSZP-EGYÜTT-DK-PM-MLP, 11 
5,1,1,SZOCIÁLDEMOKRATÁK, 0 
5,1,1,FKGP, 0 
5,1,1,FIDESZ-KDNP, 18 
5,1,1,EGYÜTT 2014, 0 
5,1,1,A HAZA NEM ELADÓ, 1 
5,1,1,ÖP, 0 
5,1,1,EU. ROM, 0 
5,1,1,JESZ, 0 
5,1,1,ÚMP, 0 
5,1,1,MACSEP, 0 
5,1,1,SMS, 0 
5,2,1,A VÁLASZ, 0 
5,2,1,JOBBIK, 85 
5,2,1,LMP, 8 
5,2,1,ÚDP, 0 
5,2,1,MCP, 0 
5,2,1,MSZP-EGYÜTT-DK-PM-MLP, 33 
5,2,1,SZOCIÁLDEMOKRATÁK, 0 
5,2,1,FKGP, 0 
5,2,1,FIDESZ-KDNP, 133 
5,2,1,EGYÜTT 2014, 0 
5,2,1,A HAZA NEM ELADÓ, 0 
5,2,1,ÖP, 0 
5,2,1,EU. ROM, 0 
5,2,1,JESZ, 0 
5,2,1,ÚMP, 0 
5,2,1,MACSEP, 0 
5,2,1,SMS, 0 
5,2,2,A VÁLASZ, 0 
5,2,2,JOBBIK, 19 
5,2,2,LMP, 2 
5,2,2,ÚDP, 0 
5,2,2,MCP, 0 
5,2,2,MSZP-EGYÜTT-DK-PM-MLP, 8 
5,2,2,SZOCIÁLDEMOKRATÁK, 0 
5,2,2,FKGP, 0 
5,2,2,FIDESZ-KDNP, 22 
5,2,2,EGYÜTT 2014, 0 
5,2,2,A HAZA NEM ELADÓ, 0 
5,2,2,ÖP, 0 
5,2,2,EU. ROM, 0 
5,2,2,JESZ, 0 
5,2,2,ÚMP, 0 
5,2,2,MACSEP, 0 
5,2,2,SMS, 0 
5,3,1,LMP, 1 
5,3,1,SZOCIÁLDEMOKRATÁK, 0 
5,3,1,SMS, 0 
5,3,1,MUNKÁSPÁRT, 0 
5,3,1,SEM, 0 
5,3,1,SZEM-NŐPÁRT, 0 
5,3,1,MSZP-EGYÜTT-DK-PM-MLP, 0 
5,3,1,JOBBIK, 14 
5,3,1,ÖP, 0 
5,3,1,MCP, 0 
5,3,1,ÚMP, 0 
5,3,1,KISGAZDAPÁRT-MIÉP, 0 
5,3,1,JESZ, 0 
5,3,1,FIDESZ-KDNP, 25 
5,3,1,MDU, 0 
5,3,1,FKGP, 0 
5,3,1,TBP, 0 
5,3,1,EGYÜTT 2014, 0 
5,3,1,A HAZA NEM ELADÓ, 0 
5,3,1,ÚDP, 0 
5,3,1,KTI, 0 
5,4,1,A VÁLASZ, 0 
5,4,1,JOBBIK, 132 
5,4,1,LMP, 10 
5,4,1,ÚDP, 1 
5,4,1,MCP, 3 
5,4,1,MSZP-EGYÜTT-DK-PM-MLP, 67 
5,4,1,SZOCIÁLDEMOKRATÁK, 0 
5,4,1,FKGP, 0 
5,4,1,FIDESZ-KDNP, 174 
5,4,1,EGYÜTT 2014, 1 
5,4,1,A HAZA NEM ELADÓ, 1 
5,4,1,ÖP, 0 
5,4,1,EU. ROM, 0 
5,4,1,JESZ, 0 
5,4,1,ÚMP, 1 
5,4,1,MACSEP, 0 
5,4,1,SMS, 0 
5,4,2,A VÁLASZ, 1 
5,4,2,JOBBIK, 176 
5,4,2,LMP, 10 
5,4,2,ÚDP, 0 
5,4,2,MCP, 9 
5,4,2,MSZP-EGYÜTT-DK-PM-MLP, 78 
5,4,2,SZOCIÁLDEMOKRATÁK, 0 
5,4,2,FKGP, 3 
5,4,2,FIDESZ-KDNP, 141 
5,4,2,EGYÜTT 2014, 1 
5,4,2,A HAZA NEM ELADÓ, 0 
5,4,2,ÖP, 0 
5,4,2,EU. ROM, 0 
5,4,2,JESZ, 0 
5,4,2,ÚMP, 0 
5,4,2,MACSEP, 0 
5,4,2,SMS, 2 
5,4,3,A VÁLASZ, 1 
5,4,3,JOBBIK, 164 
5,4,3,LMP, 8 
5,4,3,ÚDP, 0 
5,4,3,MCP, 0 
5,4,3,MSZP-EGYÜTT-DK-PM-MLP, 66 
5,4,3,SZOCIÁLDEMOKRATÁK, 1 
5,4,3,FKGP, 0 
5,4,3,FIDESZ-KDNP, 204 
5,4,3,EGYÜTT 2014, 0 
5,4,3,A HAZA NEM ELADÓ, 1 
5,4,3,ÖP, 2 
5,4,3,EU. ROM, 0 
5,4,3,JESZ, 0 
5,4,3,ÚMP, 0 
5,4,3,MACSEP, 0 
5,4,3,SMS, 0 
6,1,1,LMP, 81 
6,1,1,ZÖLDEK, 3 
6,1,1,MUNKÁSPÁRT, 9 
6,1,1,EURÓPAI BALOLDAL, 0 
6,1,1,FIDESZ-KDNP, 258 
6,1,1,SZOCIÁLDEMOKRATÁK, 2 
6,1,1,JOBBIK, 147 
6,1,1,FKGP, 1 
6,1,1,KISGAZDAPÁRT-MIÉP, 0 
6,1,1,Független, 10 
6,1,1,MGP, 0 
6,1,1,KTI, 2 
6,1,1,MSZP-EGYÜTT-DK-PM-MLP, 201 
6,1,1,A HAZA NEM ELADÓ, 2 
6,1,2,LMP, 74 
6,1,2,ZÖLDEK, 2 
6,1,2,MUNKÁSPÁRT, 6 
6,1,2,EURÓPAI BALOLDAL, 0 
6,1,2,FIDESZ-KDNP, 203 
6,1,2,SZOCIÁLDEMOKRATÁK, 1 
6,1,2,JOBBIK, 125 
6,1,2,FKGP, 1 
6,1,2,KISGAZDAPÁRT-MIÉP, 3 
6,1,2,Független, 13 
6,1,2,MGP, 0 
6,1,2,KTI, 0 
6,1,2,MSZP-EGYÜTT-DK-PM-MLP, 150 
6,1,2,A HAZA NEM ELADÓ, 2 
6,1,3,LMP, 59 
6,1,3,ZÖLDEK, 3 
6,1,3,MUNKÁSPÁRT, 3 
6,1,3,EURÓPAI BALOLDAL, 0 
6,1,3,FIDESZ-KDNP, 213 
6,1,3,SZOCIÁLDEMOKRATÁK, 2 
6,1,3,JOBBIK, 108 
6,1,3,FKGP, 0 
6,1,3,KISGAZDAPÁRT-MIÉP, 0 
6,1,3,Független, 8 
6,1,3,MGP, 1 
6,1,3,KTI, 1 
6,1,3,MSZP-EGYÜTT-DK-PM-MLP, 138 
6,1,3,A HAZA NEM ELADÓ, 5 
6,1,4,LMP, 63 
6,1,4,ZÖLDEK, 4 
6,1,4,MUNKÁSPÁRT, 8 
6,1,4,EURÓPAI BALOLDAL, 0 
6,1,4,FIDESZ-KDNP, 234 
6,1,4,SZOCIÁLDEMOKRATÁK, 1 
6,1,4,JOBBIK, 155 
6,1,4,FKGP, 0 
6,1,4,KISGAZDAPÁRT-MIÉP, 1 
6,1,4,Független, 8 
6,1,4,MGP, 2 
6,1,4,KTI, 0 
6,1,4,MSZP-EGYÜTT-DK-PM-MLP, 119 
6,1,4,A HAZA NEM ELADÓ, 7 
6,2,1,LMP, 5 
6,2,1,ZÖLDEK, 2 
6,2,1,MUNKÁSPÁRT, 6 
6,2,1,EURÓPAI BALOLDAL, 0 
6,2,1,FIDESZ-KDNP, 99 
6,2,1,SZOCIÁLDEMOKRATÁK, 0 
6,2,1,JOBBIK, 66 
6,2,1,FKGP, 1 
6,2,1,KISGAZDAPÁRT-MIÉP, 1 
6,2,1,Független, 6 
6,2,1,MGP, 0 
6,2,1,KTI, 0 
6,2,1,MSZP-EGYÜTT-DK-PM-MLP, 42 
6,2,1,A HAZA NEM ELADÓ, 3 
6,3,1,LMP, 13 
6,3,1,ZÖLDEK, 3 
6,3,1,MUNKÁSPÁRT, 0 
6,3,1,EURÓPAI BALOLDAL, 0 
6,3,1,FIDESZ-KDNP, 233 
6,3,1,SZOCIÁLDEMOKRATÁK, 0 
6,3,1,JOBBIK, 100 
6,3,1,FKGP, 0 
6,3,1,KISGAZDAPÁRT-MIÉP, 1 
6,3,1,Független, 8 
6,3,1,MGP, 1 
6,3,1,KTI, 0 
6,3,1,MSZP-EGYÜTT-DK-PM-MLP, 79 
6,3,1,A HAZA NEM ELADÓ, 0 
6,3,2,LMP, 1 
6,3,2,ZÖLDEK, 0 
6,3,2,MUNKÁSPÁRT, 3 
6,3,2,EURÓPAI BALOLDAL, 0 
6,3,2,FIDESZ-KDNP, 221 
6,3,2,SZOCIÁLDEMOKRATÁK, 4 
6,3,2,JOBBIK, 98 
6,3,2,FKGP, 0 
6,3,2,KISGAZDAPÁRT-MIÉP, 0 
6,3,2,Független, 17 
6,3,2,MGP, 0 
6,3,2,KTI, 0 
6,3,2,MSZP-EGYÜTT-DK-PM-MLP, 93 
6,3,2,A HAZA NEM ELADÓ, 0 
6,3,3,LMP, 8 
6,3,3,ZÖLDEK, 0 
6,3,3,MUNKÁSPÁRT, 5 
6,3,3,EURÓPAI BALOLDAL, 1 
6,3,3,FIDESZ-KDNP, 184 
6,3,3,SZOCIÁLDEMOKRATÁK, 0 
6,3,3,JOBBIK, 116 
6,3,3,FKGP, 0 
6,3,3,KISGAZDAPÁRT-MIÉP, 0 
6,3,3,Független, 7 
6,3,3,MGP, 0 
6,3,3,KTI, 0 
6,3,3,MSZP-EGYÜTT-DK-PM-MLP, 89 
6,3,3,A HAZA NEM ELADÓ, 2 
6,4,1,JOBBIK, 39 
6,4,1,Független, 1 
6,4,1,MCP, 2 
6,4,1,MGP, 0 
6,4,1,A HAZA NEM ELADÓ, 0 
6,4,1,ZÖLDEK, 0 
6,4,1,MACSEP, 0 
6,4,1,LMP, 6 
6,4,1,FIDESZ-KDNP, 146 
6,4,1,FKGP, 4 
6,4,1,MSZP-EGYÜTT-DK-PM-MLP, 62 
6,4,1,SMS, 1 
7,1,1,JOBBIK, 130 
7,1,1,EU. ROM, 0 
7,1,1,Független, 30 
7,1,1,ÖP, 0 
7,1,1,MUNKÁSPÁRT, 4 
7,1,1,MSZP-EGYÜTT-DK-PM-MLP, 41 
7,1,1,MACSEP, 0 
7,1,1,FIDESZ-KDNP, 248 
7,1,1,MCP, 0 
7,1,1,ÉLŐLÁNC, 2 
7,1,1,KTI, 5 
7,1,1,SZOCIÁLDEMOKRATÁK, 0 
7,1,1,LMP, 14 
7,1,1,EGYÜTT 2014, 2 
7,1,1,EP, 0 
7,1,1,JESZ, 1 
7,1,1,ÚMP, 1 
7,1,1,AQP, 0 
7,1,2,JOBBIK, 89 
7,1,2,EU. ROM, 1 
7,1,2,Független, 33 
7,1,2,ÖP, 0 
7,1,2,MUNKÁSPÁRT, 17 
7,1,2,MSZP-EGYÜTT-DK-PM-MLP, 68 
7,1,2,MACSEP, 0 
7,1,2,FIDESZ-KDNP, 247 
7,1,2,MCP, 1 
7,1,2,ÉLŐLÁNC, 2 
7,1,2,KTI, 0 
7,1,2,SZOCIÁLDEMOKRATÁK, 0 
7,1,2,LMP, 10 
7,1,2,EGYÜTT 2014, 1 
7,1,2,EP, 0 
7,1,2,JESZ, 0 
7,1,2,ÚMP, 0 
7,1,2,AQP, 0 
7,1,3,JOBBIK, 30 
7,1,3,EU. ROM, 1 
7,1,3,Független, 8 
7,1,3,ÖP, 0 
7,1,3,MUNKÁSPÁRT, 0 
7,1,3,MSZP-EGYÜTT-DK-PM-MLP, 9 
7,1,3,MACSEP, 0 
7,1,3,FIDESZ-KDNP, 44 
7,1,3,MCP, 1 
7,1,3,ÉLŐLÁNC, 0 
7,1,3,KTI, 0 
7,1,3,SZOCIÁLDEMOKRATÁK, 1 
7,1,3,LMP, 3 
7,1,3,EGYÜTT 2014, 0 
7,1,3,EP, 0 
7,1,3,JESZ, 0 
7,1,3,ÚMP, 0 
7,1,3,AQP, 1 
7,1,4,JOBBIK, 27 
7,1,4,EU. ROM, 0 
7,1,4,Független, 14 
7,1,4,ÖP, 0 
7,1,4,MUNKÁSPÁRT, 0 
7,1,4,MSZP-EGYÜTT-DK-PM-MLP, 12 
7,1,4,MACSEP, 0 
7,1,4,FIDESZ-KDNP, 41 
7,1,4,MCP, 0 
7,1,4,ÉLŐLÁNC, 0 
7,1,4,KTI, 0 
7,1,4,SZOCIÁLDEMOKRATÁK, 0 
7,1,4,LMP, 6 
7,1,4,EGYÜTT 2014, 0 
7,1,4,EP, 0 
7,1,4,JESZ, 0 
7,1,4,ÚMP, 0 
7,1,4,AQP, 0 
7,2,1,KTI, 1 
7,2,1,FKGP, 7 
7,2,1,NEMZETI ÉRDEKÉRT, 2 
7,2,1,SZOCIÁLDEMOKRATÁK, 0 
7,2,1,ÚMP, 0 
7,2,1,SZEM-NŐPÁRT, 3 
7,2,1,JOBBIK, 140 
7,2,1,SEM, 2 
7,2,1,SMS, 6 
7,2,1,EGYÜTT 2014, 3 
7,2,1,FIDESZ-KDNP, 207 
7,2,1,MSZP-EGYÜTT-DK-PM-MLP, 141 
7,2,1,AQP, 1 
7,2,1,LMP, 12 
7,2,2,KTI, 2 
7,2,2,FKGP, 3 
7,2,2,NEMZETI ÉRDEKÉRT, 0 
7,2,2,SZOCIÁLDEMOKRATÁK, 3 
7,2,2,ÚMP, 1 
7,2,2,SZEM-NŐPÁRT, 3 
7,2,2,JOBBIK, 131 
7,2,2,SEM, 3 
7,2,2,SMS, 13 
7,2,2,EGYÜTT 2014, 1 
7,2,2,FIDESZ-KDNP, 215 
7,2,2,MSZP-EGYÜTT-DK-PM-MLP, 157 
7,2,2,AQP, 4 
7,2,2,LMP, 27 
7,2,3,KTI, 4 
7,2,3,FKGP, 5 
7,2,3,NEMZETI ÉRDEKÉRT, 0 
7,2,3,SZOCIÁLDEMOKRATÁK, 0 
7,2,3,ÚMP, 3 
7,2,3,SZEM-NŐPÁRT, 1 
7,2,3,JOBBIK, 154 
7,2,3,SEM, 4 
7,2,3,SMS, 7 
7,2,3,EGYÜTT 2014, 2 
7,2,3,FIDESZ-KDNP, 251 
7,2,3,MSZP-EGYÜTT-DK-PM-MLP, 148 
7,2,3,AQP, 0 
7,2,3,LMP, 30 
7,3,1,JOBBIK, 115 
7,3,1,EU. ROM, 1 
7,3,1,Független, 1 
7,3,1,ÖP, 1 
7,3,1,MUNKÁSPÁRT, 4 
7,3,1,MSZP-EGYÜTT-DK-PM-MLP, 66 
7,3,1,MACSEP, 0 
7,3,1,FIDESZ-KDNP, 263 
7,3,1,MCP, 2 
7,3,1,ÉLŐLÁNC, 2 
7,3,1,KTI, 3 
7,3,1,SZOCIÁLDEMOKRATÁK, 0 
7,3,1,LMP, 9 
7,3,1,EGYÜTT 2014, 2 
7,3,1,EP, 0 
7,3,1,JESZ, 2 
7,3,1,ÚMP, 1 
7,3,1,AQP, 0 
7,3,2,JOBBIK, 66 
7,3,2,EU. ROM, 0 
7,3,2,Független, 2 
7,3,2,ÖP, 2 
7,3,2,MUNKÁSPÁRT, 2 
7,3,2,MSZP-EGYÜTT-DK-PM-MLP, 48 
7,3,2,MACSEP, 0 
7,3,2,FIDESZ-KDNP, 174 
7,3,2,MCP, 2 
7,3,2,ÉLŐLÁNC, 3 
7,3,2,KTI, 0 
7,3,2,SZOCIÁLDEMOKRATÁK, 0 
7,3,2,LMP, 4 
7,3,2,EGYÜTT 2014, 0 
7,3,2,EP, 0 
7,3,2,JESZ, 0 
7,3,2,ÚMP, 0 
7,3,2,AQP, 0 
7,4,1,LMP, 21 
7,4,1,JOBBIK, 46 
7,4,1,FKGP, 0 
7,4,1,MSZP-EGYÜTT-DK-PM-MLP, 35 
7,4,1,FIDESZ-KDNP, 221 
7,4,1,MACSEP, 0 
7,4,1,SZOCIÁLDEMOKRATÁK, 1 
7,4,1,SMS, 0 
7,4,1,KTI, 1 
7,4,1,MUNKÁSPÁRT, 0 
7,4,1,SEM, 3 
7,4,1,EGYÜTT 2014, 1 
7,4,1,ÚMP, 0 
7,4,1,MGP, 2 
7,4,1,JESZ, 1 
7,4,1,MCF, 0 
7,4,2,LMP, 41 
7,4,2,JOBBIK, 53 
7,4,2,FKGP, 3 
7,4,2,MSZP-EGYÜTT-DK-PM-MLP, 43 
7,4,2,FIDESZ-KDNP, 261 
7,4,2,MACSEP, 0 
7,4,2,SZOCIÁLDEMOKRATÁK, 2 
7,4,2,SMS, 1 
7,4,2,KTI, 0 
7,4,2,MUNKÁSPÁRT, 0 
7,4,2,SEM, 0 
7,4,2,EGYÜTT 2014, 2 
7,4,2,ÚMP, 0 
7,4,2,MGP, 0 
7,4,2,JESZ, 0 
7,4,2,MCF, 0 
8,1,1,ÖP, 1 
8,1,1,FIDESZ-KDNP, 184 
8,1,1,KMSZ, 0 
8,1,1,SMS, 3 
8,1,1,JOBBIK, 56 
8,1,1,MSZP-EGYÜTT-DK-PM-MLP, 97 
8,1,1,ÚDP, 1 
8,1,1,LMP, 53 
8,1,1,JESZ, 0 
8,1,1,MUNKÁSPÁRT, 0 
8,1,1,SEM, 5 
8,1,1,SZOCIÁLDEMOKRATÁK, 0 
8,1,1,ÚMP, 0 
8,1,2,ÖP, 0 
8,1,2,FIDESZ-KDNP, 217 
8,1,2,KMSZ, 0 
8,1,2,SMS, 3 
8,1,2,JOBBIK, 86 
8,1,2,MSZP-EGYÜTT-DK-PM-MLP, 71 
8,1,2,ÚDP, 1 
8,1,2,LMP, 23 
8,1,2,JESZ, 1 
8,1,2,MUNKÁSPÁRT, 2 
8,1,2,SEM, 3 
8,1,2,SZOCIÁLDEMOKRATÁK, 1 
8,1,2,ÚMP, 0 
8,1,3,ÖP, 1 
8,1,3,FIDESZ-KDNP, 203 
8,1,3,KMSZ, 0 
8,1,3,SMS, 11 
8,1,3,JOBBIK, 80 
8,1,3,MSZP-EGYÜTT-DK-PM-MLP, 84 
8,1,3,ÚDP, 1 
8,1,3,LMP, 29 
8,1,3,JESZ, 1 
8,1,3,MUNKÁSPÁRT, 3 
8,1,3,SEM, 6 
8,1,3,SZOCIÁLDEMOKRATÁK, 0 
8,1,3,ÚMP, 0 
8,1,4,ÖP, 3 
8,1,4,FIDESZ-KDNP, 169 
8,1,4,KMSZ, 1 
8,1,4,SMS, 4 
8,1,4,JOBBIK, 69 
8,1,4,MSZP-EGYÜTT-DK-PM-MLP, 101 
8,1,4,ÚDP, 0 
8,1,4,LMP, 31 
8,1,4,JESZ, 8 
8,1,4,MUNKÁSPÁRT, 0 
8,1,4,SEM, 1 
8,1,4,SZOCIÁLDEMOKRATÁK, 3 
8,1,4,ÚMP, 0 
8,2,1,MSZP-EGYÜTT-DK-PM-MLP, 34 
8,2,1,LMP, 4 
8,2,1,JESZ, 1 
8,2,1,FIDESZ-KDNP, 225 
8,2,1,ÚDP, 0 
8,2,1,EGYÜTT 2014, 0 
8,2,1,ÚMP, 0 
8,2,1,KISGAZDAPÁRT-MIÉP, 0 
8,2,1,JOBBIK, 28 
8,3,1,MSZP-EGYÜTT-DK-PM-MLP, 79 
8,3,1,LMP, 12 
8,3,1,JESZ, 1 
8,3,1,FIDESZ-KDNP, 321 
8,3,1,ÚDP, 1 
8,3,1,EGYÜTT 2014, 0 
8,3,1,ÚMP, 2 
8,3,1,KISGAZDAPÁRT-MIÉP, 2 
8,3,1,JOBBIK, 80 
8,4,1,ÚDP, 2 
8,4,1,SZOCIÁLDEMOKRATÁK, 4 
8,4,1,LMP, 17 
8,4,1,SMS, 0 
8,4,1,ÚMP, 0 
8,4,1,MSZP-EGYÜTT-DK-PM-MLP, 64 
8,4,1,JESZ, 0 
8,4,1,SZDP, 2 
8,4,1,FIDESZ-KDNP, 210 
8,4,1,JOBBIK, 66 
8,4,2,ÚDP, 0 
8,4,2,SZOCIÁLDEMOKRATÁK, 1 
8,4,2,LMP, 20 
8,4,2,SMS, 9 
8,4,2,ÚMP, 1 
8,4,2,MSZP-EGYÜTT-DK-PM-MLP, 125 
8,4,2,JESZ, 1 
8,4,2,SZDP, 5 
8,4,2,FIDESZ-KDNP, 293 
8,4,2,JOBBIK, 116 
9,1,1,A HAZA NEM ELADÓ, 1 
9,1,1,MSZP-EGYÜTT-DK-PM-MLP, 95 
9,1,1,LMP, 6 
9,1,1,MCP, 0 
9,1,1,SMS, 1 
9,1,1,JOBBIK, 84 
9,1,1,MACSEP, 2 
9,1,1,FIDESZ-KDNP, 207 
9,1,1,MKSZU, 0 
9,1,1,SZOCIÁLDEMOKRATÁK, 0 
9,1,1,MRPP, 0 
9,1,1,ÖP, 0 
9,1,1,JESZ, 1 
9,1,2,A HAZA NEM ELADÓ, 0 
9,1,2,MSZP-EGYÜTT-DK-PM-MLP, 57 
9,1,2,LMP, 9 
9,1,2,MCP, 0 
9,1,2,SMS, 0 
9,1,2,JOBBIK, 94 
9,1,2,MACSEP, 1 
9,1,2,FIDESZ-KDNP, 186 
9,1,2,MKSZU, 1 
9,1,2,SZOCIÁLDEMOKRATÁK, 0 
9,1,2,MRPP, 0 
9,1,2,ÖP, 0 
9,1,2,JESZ, 0 
9,2,1,LMP, 3 
9,2,1,SMS, 1 
9,2,1,JESZ, 5 
9,2,1,MSZP-EGYÜTT-DK-PM-MLP, 52 
9,2,1,FIDESZ-KDNP, 124 
9,2,1,JOBBIK, 72 
9,2,1,MCP, 0 
9,2,1,Független, 4 
9,2,1,SZOCIÁLDEMOKRATÁK, 0 
9,2,1,EU. ROM, 0 
9,3,1,A HAZA NEM ELADÓ, 4 
9,3,1,MSZP-EGYÜTT-DK-PM-MLP, 87 
9,3,1,LMP, 13 
9,3,1,MCP, 1 
9,3,1,SMS, 1 
9,3,1,JOBBIK, 159 
9,3,1,MACSEP, 1 
9,3,1,FIDESZ-KDNP, 215 
9,3,1,MKSZU, 3 
9,3,1,SZOCIÁLDEMOKRATÁK, 1 
9,3,1,MRPP, 0 
9,3,1,ÖP, 1 
9,3,1,JESZ, 2 
9,3,2,A HAZA NEM ELADÓ, 1 
9,3,2,MSZP-EGYÜTT-DK-PM-MLP, 61 
9,3,2,LMP, 5 
9,3,2,MCP, 12 
9,3,2,SMS, 1 
9,3,2,JOBBIK, 117 
9,3,2,MACSEP, 0 
9,3,2,FIDESZ-KDNP, 175 
9,3,2,MKSZU, 1 
9,3,2,SZOCIÁLDEMOKRATÁK, 2 
9,3,2,MRPP, 0 
9,3,2,ÖP, 0 
9,3,2,JESZ, 0 
9,4,1,LMP, 31 
9,4,1,SMS, 7 
9,4,1,JESZ, 1 
9,4,1,MSZP-EGYÜTT-DK-PM-MLP, 102 
9,4,1,FIDESZ-KDNP, 246 
9,4,1,JOBBIK, 223 
9,4,1,MCP, 0 
9,4,1,Független, 6 
9,4,1,SZOCIÁLDEMOKRATÁK, 3 
9,4,1,EU. ROM, 0 
10,1,1,FKGP, 4 
10,1,1,JOBBIK, 243 
10,1,1,HATMAP, 0 
10,1,1,MSZDP, 1 
10,1,1,LMP, 23 
10,1,1,SEM, 0 
10,1,1,"REND, SZABADSÁG", 1 
10,1,1,EU. ROM, 0 
10,1,1,MDU, 0 
10,1,1,A HAZA NEM ELADÓ, 15 
10,1,1,MSZP-EGYÜTT-DK-PM-MLP, 147 
10,1,1,KTI, 5 
10,1,1,MCP, 0 
10,1,1,SZOCIÁLDEMOKRATÁK, 1 
10,1,1,ÖP, 1 
10,1,1,FIDESZ-KDNP, 253 
10,1,1,ZÖLDEK, 5 
10,1,1,SMS, 4 
10,1,2,FKGP, 0 
10,1,2,JOBBIK, 258 
10,1,2,HATMAP, 1 
10,1,2,MSZDP, 0 
10,1,2,LMP, 17 
10,1,2,SEM, 2 
10,1,2,"REND, SZABADSÁG", 0 
10,1,2,EU. ROM, 0 
10,1,2,MDU, 0 
10,1,2,A HAZA NEM ELADÓ, 5 
10,1,2,MSZP-EGYÜTT-DK-PM-MLP, 156 
10,1,2,KTI, 2 
10,1,2,MCP, 0 
10,1,2,SZOCIÁLDEMOKRATÁK, 1 
10,1,2,ÖP, 1 
10,1,2,FIDESZ-KDNP, 188 
10,1,2,ZÖLDEK, 0 
10,1,2,SMS, 4 
10,2,1,SZOCIÁLDEMOKRATÁK, 0 
10,2,1,MDU, 0 
10,2,1,LMP, 6 
10,2,1,MSZDP, 1 
10,2,1,KMSZ, 0 
10,2,1,FIDESZ-KDNP, 122 
10,2,1,Független, 1 
10,2,1,"REND, SZABADSÁG", 2 
10,2,1,JOBBIK, 170 
10,2,1,ÖP, 1 
10,2,1,FKGP, 0 
10,2,1,SEM, 2 
10,2,1,HATMAP, 0 
10,2,1,NÉP, 0 
10,2,1,MCP, 0 
10,2,1,MSZP-EGYÜTT-DK-PM-MLP, 45 
10,2,1,SMS, 0 
10,2,1,KTI, 0 
10,2,2,SZOCIÁLDEMOKRATÁK, 0 
10,2,2,MDU, 0 
10,2,2,LMP, 6 
10,2,2,MSZDP, 0 
10,2,2,KMSZ, 2 
10,2,2,FIDESZ-KDNP, 181 
10,2,2,Független, 0 
10,2,2,"REND, SZABADSÁG", 0 
10,2,2,JOBBIK, 209 
10,2,2,ÖP, 2 
10,2,2,FKGP, 0 
10,2,2,SEM, 0 
10,2,2,HATMAP, 1 
10,2,2,NÉP, 0 
10,2,2,MCP, 0 
10,2,2,MSZP-EGYÜTT-DK-PM-MLP, 80 
10,2,2,SMS, 1 
10,2,2,KTI, 0 
10,2,3,SZOCIÁLDEMOKRATÁK, 0 
10,2,3,MDU, 0 
10,2,3,LMP, 14 
10,2,3,MSZDP, 2 
10,2,3,KMSZ, 0 
10,2,3,FIDESZ-KDNP, 144 
10,2,3,Független, 3 
10,2,3,"REND, SZABADSÁG", 0 
10,2,3,JOBBIK, 193 
10,2,3,ÖP, 0 
10,2,3,FKGP, 0 
10,2,3,SEM, 3 
10,2,3,HATMAP, 0 
10,2,3,NÉP, 0 
10,2,3,MCP, 1 
10,2,3,MSZP-EGYÜTT-DK-PM-MLP, 73 
10,2,3,SMS, 2 
10,2,3,KTI, 0 
10,3,1,FKGP, 0 
10,3,1,JOBBIK, 152 
10,3,1,HATMAP, 0 
10,3,1,MSZDP, 0 
10,3,1,LMP, 6 
10,3,1,SEM, 1 
10,3,1,"REND, SZABADSÁG", 0 
10,3,1,EU. ROM, 0 
10,3,1,MDU, 0 
10,3,1,A HAZA NEM ELADÓ, 5 
10,3,1,MSZP-EGYÜTT-DK-PM-MLP, 57 
10,3,1,KTI, 3 
10,3,1,MCP, 0 
10,3,1,SZOCIÁLDEMOKRATÁK, 0 
10,3,1,ÖP, 1 
10,3,1,FIDESZ-KDNP, 156 
10,3,1,ZÖLDEK, 1 
10,3,1,SMS, 0 
10,4,1,MSZP-EGYÜTT-DK-PM-MLP, 177 
10,4,1,JOBBIK, 263 
10,4,1,ÖP, 1 
10,4,1,EU. ROM, 1 
10,4,1,FIDESZ-KDNP, 337 
10,4,1,LMP, 27 
10,4,1,A HAZA NEM ELADÓ, 7 
10,4,1,ZÖLDEK, 6 
10,4,1,SZOCIÁLDEMOKRATÁK, 5 
10,4,1,Független, 4 
10,4,1,MCP, 0 
10,4,2,MSZP-EGYÜTT-DK-PM-MLP, 172 
10,4,2,JOBBIK, 228 
10,4,2,ÖP, 3 
10,4,2,EU. ROM, 0 
10,4,2,FIDESZ-KDNP, 265 
10,4,2,LMP, 29 
10,4,2,A HAZA NEM ELADÓ, 8 
10,4,2,ZÖLDEK, 3 
10,4,2,SZOCIÁLDEMOKRATÁK, 2 
10,4,2,Független, 4 
10,4,2,MCP, 1 
11,1,1,SMS, 0 
11,1,1,A HAZA NEM ELADÓ, 3 
11,1,1,LMP, 4 
11,1,1,ÚMP, 1 
11,1,1,MCP, 0 
11,1,1,JOBBIK, 57 
11,1,1,ÖP, 1 
11,1,1,MSZP-EGYÜTT-DK-PM-MLP, 38 
11,1,1,FIDESZ-KDNP, 148 
11,1,1,MUNKÁSPÁRT, 0 
11,1,1,NEMZETI ÉRDEKÉRT, 0 
11,1,1,JESZ, 0 
11,1,1,SZOCIÁLDEMOKRATÁK, 0 
11,1,1,FKGP, 0 
11,1,2,SMS, 0 
11,1,2,A HAZA NEM ELADÓ, 0 
11,1,2,LMP, 8 
11,1,2,ÚMP, 0 
11,1,2,MCP, 0 
11,1,2,JOBBIK, 75 
11,1,2,ÖP, 0 
11,1,2,MSZP-EGYÜTT-DK-PM-MLP, 66 
11,1,2,FIDESZ-KDNP, 175 
11,1,2,MUNKÁSPÁRT, 2 
11,1,2,NEMZETI ÉRDEKÉRT, 0 
11,1,2,JESZ, 0 
11,1,2,SZOCIÁLDEMOKRATÁK, 1 
11,1,2,FKGP, 1 
11,1,3,SMS, 0 
11,1,3,A HAZA NEM ELADÓ, 1 
11,1,3,LMP, 4 
11,1,3,ÚMP, 0 
11,1,3,MCP, 0 
11,1,3,JOBBIK, 81 
11,1,3,ÖP, 0 
11,1,3,MSZP-EGYÜTT-DK-PM-MLP, 52 
11,1,3,FIDESZ-KDNP, 180 
11,1,3,MUNKÁSPÁRT, 2 
11,1,3,NEMZETI ÉRDEKÉRT, 1 
11,1,3,JESZ, 0 
11,1,3,SZOCIÁLDEMOKRATÁK, 0 
11,1,3,FKGP, 0 
11,1,4,SMS, 1 
11,1,4,A HAZA NEM ELADÓ, 0 
11,1,4,LMP, 0 
11,1,4,ÚMP, 0 
11,1,4,MCP, 0 
11,1,4,JOBBIK, 93 
11,1,4,ÖP, 0 
11,1,4,MSZP-EGYÜTT-DK-PM-MLP, 28 
11,1,4,FIDESZ-KDNP, 223 
11,1,4,MUNKÁSPÁRT, 2 
11,1,4,NEMZETI ÉRDEKÉRT, 0 
11,1,4,JESZ, 0 
11,1,4,SZOCIÁLDEMOKRATÁK, 0 
11,1,4,FKGP, 1 
11,2,1,KTI, 0 
11,2,1,Független, 3 
11,2,1,JOBBIK, 107 
11,2,1,MUNKÁSPÁRT, 2 
11,2,1,LMP, 8 
11,2,1,NEMZETI ÉRDEKÉRT, 0 
11,2,1,MGP, 0 
11,2,1,SZOCIÁLDEMOKRATÁK, 0 
11,2,1,A HAZA NEM ELADÓ, 1 
11,2,1,JESZ, 1 
11,2,1,MSZP-EGYÜTT-DK-PM-MLP, 65 
11,2,1,SMS, 2 
11,2,1,FIDESZ-KDNP, 223 
11,2,1,ÖP, 0 
11,2,1,FKGP, 2 
11,2,2,KTI, 1 
11,2,2,Független, 2 
11,2,2,JOBBIK, 114 
11,2,2,MUNKÁSPÁRT, 2 
11,2,2,LMP, 5 
11,2,2,NEMZETI ÉRDEKÉRT, 0 
11,2,2,MGP, 0 
11,2,2,SZOCIÁLDEMOKRATÁK, 2 
11,2,2,A HAZA NEM ELADÓ, 7 
11,2,2,JESZ, 1 
11,2,2,MSZP-EGYÜTT-DK-PM-MLP, 85 
11,2,2,SMS, 0 
11,2,2,FIDESZ-KDNP, 310 
11,2,2,ÖP, 0 
11,2,2,FKGP, 4 
11,3,1,SMS, 2 
11,3,1,A HAZA NEM ELADÓ, 2 
11,3,1,LMP, 15 
11,3,1,ÚMP, 0 
11,3,1,MCP, 0 
11,3,1,JOBBIK, 121 
11,3,1,ÖP, 3 
11,3,1,MSZP-EGYÜTT-DK-PM-MLP, 116 
11,3,1,FIDESZ-KDNP, 337 
11,3,1,MUNKÁSPÁRT, 5 
11,3,1,NEMZETI ÉRDEKÉRT, 0 
11,3,1,JESZ, 1 
11,3,1,SZOCIÁLDEMOKRATÁK, 1 
11,3,1,FKGP, 3 
11,4,1,JOBBIK, 162 
11,4,1,FKGP, 5 
11,4,1,MSZP-EGYÜTT-DK-PM-MLP, 91 
11,4,1,AQP, 1 
11,4,1,MCP, 0 
11,4,1,MUNKÁSPÁRT, 7 
11,4,1,MGP, 1 
11,4,1,SZOCIÁLDEMOKRATÁK, 1 
11,4,1,JESZ, 2 
11,4,1,FIDESZ-KDNP, 291 
11,4,1,LMP, 19 
11,4,1,SMS, 4 
11,4,1,A HAZA NEM ELADÓ, 6 
11,4,1,NEMZETI ÉRDEKÉRT, 1 
11,4,2,JOBBIK, 136 
11,4,2,FKGP, 1 
11,4,2,MSZP-EGYÜTT-DK-PM-MLP, 89 
11,4,2,AQP, 0 
11,4,2,MCP, 1 
11,4,2,MUNKÁSPÁRT, 5 
11,4,2,MGP, 2 
11,4,2,SZOCIÁLDEMOKRATÁK, 1 
11,4,2,JESZ, 0 
11,4,2,FIDESZ-KDNP, 280 
11,4,2,LMP, 6 
11,4,2,SMS, 2 
11,4,2,A HAZA NEM ELADÓ, 0 
11,4,2,NEMZETI ÉRDEKÉRT, 0 
11,4,3,JOBBIK, 134 
11,4,3,FKGP, 0 
11,4,3,MSZP-EGYÜTT-DK-PM-MLP, 73 
11,4,3,AQP, 0 
11,4,3,MCP, 0 
11,4,3,MUNKÁSPÁRT, 7 
11,4,3,MGP, 1 
11,4,3,SZOCIÁLDEMOKRATÁK, 2 
11,4,3,JESZ, 1 
11,4,3,FIDESZ-KDNP, 241 
11,4,3,LMP, 8 
11,4,3,SMS, 5 
11,4,3,A HAZA NEM ELADÓ, 1 
11,4,3,NEMZETI ÉRDEKÉRT, 0 
12,1,1,ÖP, 1 
12,1,1,MCP, 0 
12,1,1,FKGP, 0 
12,1,1,LMP, 2 
12,1,1,JOBBIK, 30 
12,1,1,SZEM-NŐPÁRT, 0 
12,1,1,FIDESZ-KDNP, 78 
12,1,1,A HAZA NEM ELADÓ, 1 
12,1,1,JESZ, 1 
12,1,1,MSZP-EGYÜTT-DK-PM-MLP, 17 
12,1,1,ÚMP, 0 
12,1,1,KMSZ, 0 
12,1,1,ÚDP, 0 
12,2,1,ÖP, 0 
12,2,1,MCP, 0 
12,2,1,FKGP, 1 
12,2,1,LMP, 14 
12,2,1,JOBBIK, 69 
12,2,1,SZEM-NŐPÁRT, 5 
12,2,1,FIDESZ-KDNP, 185 
12,2,1,A HAZA NEM ELADÓ, 2 
12,2,1,JESZ, 2 
12,2,1,MSZP-EGYÜTT-DK-PM-MLP, 124 
12,2,1,ÚMP, 0 
12,2,1,KMSZ, 0 
12,2,1,ÚDP, 0 
12,2,2,ÖP, 3 
12,2,2,MCP, 0 
12,2,2,FKGP, 2 
12,2,2,LMP, 18 
12,2,2,JOBBIK, 65 
12,2,2,SZEM-NŐPÁRT, 11 
12,2,2,FIDESZ-KDNP, 184 
12,2,2,A HAZA NEM ELADÓ, 2 
12,2,2,JESZ, 2 
12,2,2,MSZP-EGYÜTT-DK-PM-MLP, 85 
12,2,2,ÚMP, 1 
12,2,2,KMSZ, 1 
12,2,2,ÚDP, 1 
12,2,3,ÖP, 2 
12,2,3,MCP, 1 
12,2,3,FKGP, 0 
12,2,3,LMP, 13 
12,2,3,JOBBIK, 88 
12,2,3,SZEM-NŐPÁRT, 2 
12,2,3,FIDESZ-KDNP, 128 
12,2,3,A HAZA NEM ELADÓ, 1 
12,2,3,JESZ, 0 
12,2,3,MSZP-EGYÜTT-DK-PM-MLP, 97 
12,2,3,ÚMP, 0 
12,2,3,KMSZ, 0 
12,2,3,ÚDP, 1 
12,3,1,FIDESZ-KDNP, 137 
12,3,1,ÖP, 1 
12,3,1,Független, 6 
12,3,1,JOBBIK, 83 
12,3,1,KTI, 3 
12,3,1,JESZ, 0 
12,3,1,LMP, 7 
12,3,1,MSZDP, 1 
12,3,1,MCP, 0 
12,3,1,MSZP-EGYÜTT-DK-PM-MLP, 155 
12,4,1,ÖP, 1 
12,4,1,MCP, 1 
12,4,1,FKGP, 2 
12,4,1,LMP, 13 
12,4,1,JOBBIK, 69 
12,4,1,SZEM-NŐPÁRT, 10 
12,4,1,FIDESZ-KDNP, 176 
12,4,1,A HAZA NEM ELADÓ, 8 
12,4,1,JESZ, 1 
12,4,1,MSZP-EGYÜTT-DK-PM-MLP, 71 
12,4,1,ÚMP, 0 
12,4,1,KMSZ, 0 
12,4,1,ÚDP, 0 
12,4,2,ÖP, 2 
12,4,2,MCP, 0 
12,4,2,FKGP, 0 
12,4,2,LMP, 23 
12,4,2,JOBBIK, 56 
12,4,2,SZEM-NŐPÁRT, 5 
12,4,2,FIDESZ-KDNP, 224 
12,4,2,A HAZA NEM ELADÓ, 7 
12,4,2,JESZ, 0 
12,4,2,MSZP-EGYÜTT-DK-PM-MLP, 72 
12,4,2,ÚMP, 0 
12,4,2,KMSZ, 0 
12,4,2,ÚDP, 0 
12,4,3,ÖP, 2 
12,4,3,MCP, 0 
12,4,3,FKGP, 0 
12,4,3,LMP, 10 
12,4,3,JOBBIK, 99 
12,4,3,SZEM-NŐPÁRT, 3 
12,4,3,FIDESZ-KDNP, 225 
12,4,3,A HAZA NEM ELADÓ, 8 
12,4,3,JESZ, 2 
12,4,3,MSZP-EGYÜTT-DK-PM-MLP, 65 
12,4,3,ÚMP, 1 
12,4,3,KMSZ, 0 
12,4,3,ÚDP, 0 
12,4,4,ÖP, 0 
12,4,4,MCP, 0 
12,4,4,FKGP, 0 
12,4,4,LMP, 15 
12,4,4,JOBBIK, 45 
12,4,4,SZEM-NŐPÁRT, 0 
12,4,4,FIDESZ-KDNP, 175 
12,4,4,A HAZA NEM ELADÓ, 2 
12,4,4,JESZ, 3 
12,4,4,MSZP-EGYÜTT-DK-PM-MLP, 27 
12,4,4,ÚMP, 4 
12,4,4,KMSZ, 0 
12,4,4,ÚDP, 1 
13,1,1,EU. ROM, 0 
13,1,1,FIDESZ-KDNP, 137 
13,1,1,SMS, 0 
13,1,1,MSZDP, 0 
13,1,1,LMP, 10 
13,1,1,ZÖLDEK, 1 
13,1,1,MSZP-EGYÜTT-DK-PM-MLP, 88 
13,1,1,SEM, 1 
13,1,1,KMSZ, 0 
13,1,1,A HAZA NEM ELADÓ, 0 
13,1,1,NÉP, 1 
13,1,1,SZOCIÁLDEMOKRATÁK, 0 
13,1,1,EGYÜTT 2014, 3 
13,1,1,JESZ, 1 
13,1,1,SZEM-NŐPÁRT, 0 
13,1,1,JOBBIK, 54 
13,1,1,MCF, 1 
13,1,1,FKGP, 1 
13,1,1,MACSEP, 0 
13,1,1,KTI, 0 
13,1,1,MCP, 0 
13,1,1,ÖP, 1 
13,1,1,MUNKÁSPÁRT, 4 
13,2,1,SEM, 1 
13,2,1,MCP, 0 
13,2,1,Független, 0 
13,2,1,FKGP, 0 
13,2,1,A HAZA NEM ELADÓ, 0 
13,2,1,LMP, 10 
13,2,1,MSZP-EGYÜTT-DK-PM-MLP, 26 
13,2,1,FIDESZ-KDNP, 67 
13,2,1,JOBBIK, 30 
13,2,1,MACSEP, 0 
13,2,1,EU. ROM, 0 
13,2,1,KISGAZDAPÁRT-MIÉP, 0 
13,2,1,Független, 0 
13,2,1,SZOCIÁLDEMOKRATÁK, 0 
13,2,1,Független, 0 
13,2,1,MRPP, 0 
13,2,1,KTI, 0 
13,2,1,ÚDP, 0 
13,2,1,MUNKÁSPÁRT, 1 
13,2,1,SMS, 3 
13,2,1,EP, 0 
13,2,1,Független, 0 
13,2,1,ZÖLDEK, 1 
13,2,1,JESZ, 0 
13,3,1,EU. ROM, 0 
13,3,1,FIDESZ-KDNP, 641 
13,3,1,SMS, 9 
13,3,1,MSZDP, 3 
13,3,1,LMP, 132 
13,3,1,ZÖLDEK, 14 
13,3,1,MSZP-EGYÜTT-DK-PM-MLP, 411 
13,3,1,SEM, 2 
13,3,1,KMSZ, 0 
13,3,1,A HAZA NEM ELADÓ, 8 
13,3,1,NÉP, 1 
13,3,1,SZOCIÁLDEMOKRATÁK, 1 
13,3,1,EGYÜTT 2014, 7 
13,3,1,JESZ, 1 
13,3,1,SZEM-NŐPÁRT, 4 
13,3,1,JOBBIK, 436 
13,3,1,MCF, 4 
13,3,1,FKGP, 2 
13,3,1,MACSEP, 0 
13,3,1,KTI, 7 
13,3,1,MCP, 7 
13,3,1,ÖP, 2 
13,3,1,MUNKÁSPÁRT, 22 
13,3,2,EU. ROM, 0 
13,3,2,FIDESZ-KDNP, 190 
13,3,2,SMS, 1 
13,3,2,MSZDP, 0 
13,3,2,LMP, 34 
13,3,2,ZÖLDEK, 0 
13,3,2,MSZP-EGYÜTT-DK-PM-MLP, 171 
13,3,2,SEM, 0 
13,3,2,KMSZ, 0 
13,3,2,A HAZA NEM ELADÓ, 0 
13,3,2,NÉP, 0 
13,3,2,SZOCIÁLDEMOKRATÁK, 1 
13,3,2,EGYÜTT 2014, 1 
13,3,2,JESZ, 1 
13,3,2,SZEM-NŐPÁRT, 1 
13,3,2,JOBBIK, 104 
13,3,2,MCF, 1 
13,3,2,FKGP, 1 
13,3,2,MACSEP, 0 
13,3,2,KTI, 2 
13,3,2,MCP, 1 
13,3,2,ÖP, 0 
13,3,2,MUNKÁSPÁRT, 10 
13,3,3,EU. ROM, 0 
13,3,3,FIDESZ-KDNP, 206 
13,3,3,SMS, 1 
13,3,3,MSZDP, 1 
13,3,3,LMP, 27 
13,3,3,ZÖLDEK, 2 
13,3,3,MSZP-EGYÜTT-DK-PM-MLP, 176 
13,3,3,SEM, 0 
13,3,3,KMSZ, 0 
13,3,3,A HAZA NEM ELADÓ, 2 
13,3,3,NÉP, 0 
13,3,3,SZOCIÁLDEMOKRATÁK, 0 
13,3,3,EGYÜTT 2014, 2 
13,3,3,JESZ, 0 
13,3,3,SZEM-NŐPÁRT, 2 
13,3,3,JOBBIK, 108 
13,3,3,MCF, 3 
13,3,3,FKGP, 1 
13,3,3,MACSEP, 0 
13,3,3,KTI, 4 
13,3,3,MCP, 2 
13,3,3,ÖP, 2 
13,3,3,MUNKÁSPÁRT, 11 
13,3,4,EU. ROM, 0 
13,3,4,FIDESZ-KDNP, 170 
13,3,4,SMS, 5 
13,3,4,MSZDP, 0 
13,3,4,LMP, 19 
13,3,4,ZÖLDEK, 3 
13,3,4,MSZP-EGYÜTT-DK-PM-MLP, 145 
13,3,4,SEM, 1 
13,3,4,KMSZ, 0 
13,3,4,A HAZA NEM ELADÓ, 1 
13,3,4,NÉP, 0 
13,3,4,SZOCIÁLDEMOKRATÁK, 2 
13,3,4,EGYÜTT 2014, 0 
13,3,4,JESZ, 0 
13,3,4,SZEM-NŐPÁRT, 1 
13,3,4,JOBBIK, 102 
13,3,4,MCF, 0 
13,3,4,FKGP, 2 
13,3,4,MACSEP, 0 
13,3,4,KTI, 3 
13,3,4,MCP, 1 
13,3,4,ÖP, 1 
13,3,4,MUNKÁSPÁRT, 14 
13,4,1,EU. ROM, 0 
13,4,1,FIDESZ-KDNP, 194 
13,4,1,SMS, 0 
13,4,1,MSZDP, 0 
13,4,1,LMP, 7 
13,4,1,ZÖLDEK, 1 
13,4,1,MSZP-EGYÜTT-DK-PM-MLP, 80 
13,4,1,SEM, 2 
13,4,1,KMSZ, 0 
13,4,1,A HAZA NEM ELADÓ, 6 
13,4,1,NÉP, 24 
13,4,1,SZOCIÁLDEMOKRATÁK, 0 
13,4,1,EGYÜTT 2014, 0 
13,4,1,JESZ, 0 
13,4,1,SZEM-NŐPÁRT, 0 
13,4,1,JOBBIK, 76 
13,4,1,MCF, 0 
13,4,1,FKGP, 0 
13,4,1,MACSEP, 0 
13,4,1,KTI, 0 
13,4,1,MCP, 0 
13,4,1,ÖP, 0 
13,4,1,MUNKÁSPÁRT, 4 
14,1,1,LMP, 9 
14,1,1,JESZ, 0 
14,1,1,MRPP, 0 
14,1,1,ÉLŐLÁNC, 2 
14,1,1,MSZP-EGYÜTT-DK-PM-MLP, 80 
14,1,1,JOBBIK, 82 
14,1,1,SZOCIÁLDEMOKRATÁK, 0 
14,1,1,SMS, 0 
14,1,1,FKGP, 1 
14,1,1,MGP, 0 
14,1,1,MCP, 0 
14,1,1,A HAZA NEM ELADÓ, 7 
14,1,1,MKSZU, 0 
14,1,1,MSZDP, 0 
14,1,1,ÖP, 1 
14,1,1,FIDESZ-KDNP, 166 
14,1,1,SEM, 0 
14,1,2,LMP, 16 
14,1,2,JESZ, 0 
14,1,2,MRPP, 0 
14,1,2,ÉLŐLÁNC, 1 
14,1,2,MSZP-EGYÜTT-DK-PM-MLP, 71 
14,1,2,JOBBIK, 103 
14,1,2,SZOCIÁLDEMOKRATÁK, 0 
14,1,2,SMS, 0 
14,1,2,FKGP, 0 
14,1,2,MGP, 0 
14,1,2,MCP, 0 
14,1,2,A HAZA NEM ELADÓ, 10 
14,1,2,MKSZU, 0 
14,1,2,MSZDP, 0 
14,1,2,ÖP, 0 
14,1,2,FIDESZ-KDNP, 221 
14,1,2,SEM, 1 
14,1,3,LMP, 19 
14,1,3,JESZ, 0 
14,1,3,MRPP, 1 
14,1,3,ÉLŐLÁNC, 1 
14,1,3,MSZP-EGYÜTT-DK-PM-MLP, 56 
14,1,3,JOBBIK, 91 
14,1,3,SZOCIÁLDEMOKRATÁK, 0 
14,1,3,SMS, 0 
14,1,3,FKGP, 1 
14,1,3,MGP, 0 
14,1,3,MCP, 0 
14,1,3,A HAZA NEM ELADÓ, 2 
14,1,3,MKSZU, 0 
14,1,3,MSZDP, 0 
14,1,3,ÖP, 0 
14,1,3,FIDESZ-KDNP, 179 
14,1,3,SEM, 0 
14,1,4,LMP, 5 
14,1,4,JESZ, 0 
14,1,4,MRPP, 0 
14,1,4,ÉLŐLÁNC, 0 
14,1,4,MSZP-EGYÜTT-DK-PM-MLP, 105 
14,1,4,JOBBIK, 116 
14,1,4,SZOCIÁLDEMOKRATÁK, 0 
14,1,4,SMS, 0 
14,1,4,FKGP, 1 
14,1,4,MGP, 0 
14,1,4,MCP, 0 
14,1,4,A HAZA NEM ELADÓ, 5 
14,1,4,MKSZU, 0 
14,1,4,MSZDP, 0 
14,1,4,ÖP, 0 
14,1,4,FIDESZ-KDNP, 169 
14,1,4,SEM, 2 
14,2,1,MUNKÁSPÁRT, 6 
14,2,1,MSZP-EGYÜTT-DK-PM-MLP, 78 
14,2,1,FIDESZ-KDNP, 328 
14,2,1,KMSZ, 1 
14,2,1,TEMPO, 1 
14,2,1,ÚMP, 0 
14,2,1,JOBBIK, 135 
14,2,1,A HAZA NEM ELADÓ, 1 
14,2,1,SZOCIÁLDEMOKRATÁK, 1 
14,2,1,ZÖLDEK, 1 
14,2,1,MKSZU, 0 
14,2,1,KTI, 2 
14,2,1,ÖP, 0 
14,2,1,SEM, 1 
14,2,1,MRPP, 1 
14,2,1,JESZ, 0 
14,2,1,LMP, 10 
14,2,1,MGP, 0 
14,2,1,SMS, 2 
14,3,1,EGYÜTT 2014, 2 
14,3,1,TEMPO, 0 
14,3,1,SEM, 1 
14,3,1,KTI, 1 
14,3,1,FKGP, 0 
14,3,1,MCP, 0 
14,3,1,ÖP, 1 
14,3,1,FIDESZ-KDNP, 183 
14,3,1,NEMZETI ÉRDEKÉRT, 0 
14,3,1,A HAZA NEM ELADÓ, 0 
14,3,1,AQP, 0 
14,3,1,MRPP, 0 
14,3,1,MACSEP, 0 
14,3,1,LMP, 14 
14,3,1,ZÖLDEK, 2 
14,3,1,MSZP-EGYÜTT-DK-PM-MLP, 99 
14,3,1,JOBBIK, 64 
14,3,1,MDU, 0 
14,3,2,EGYÜTT 2014, 4 
14,3,2,TEMPO, 0 
14,3,2,SEM, 0 
14,3,2,KTI, 0 
14,3,2,FKGP, 0 
14,3,2,MCP, 0 
14,3,2,ÖP, 1 
14,3,2,FIDESZ-KDNP, 192 
14,3,2,NEMZETI ÉRDEKÉRT, 0 
14,3,2,A HAZA NEM ELADÓ, 2 
14,3,2,AQP, 0 
14,3,2,MRPP, 1 
14,3,2,MACSEP, 0 
14,3,2,LMP, 20 
14,3,2,ZÖLDEK, 1 
14,3,2,MSZP-EGYÜTT-DK-PM-MLP, 107 
14,3,2,JOBBIK, 64 
14,3,2,MDU, 0 
14,3,3,EGYÜTT 2014, 1 
14,3,3,TEMPO, 0 
14,3,3,SEM, 1 
14,3,3,KTI, 0 
14,3,3,FKGP, 1 
14,3,3,MCP, 0 
14,3,3,ÖP, 0 
14,3,3,FIDESZ-KDNP, 140 
14,3,3,NEMZETI ÉRDEKÉRT, 0 
14,3,3,A HAZA NEM ELADÓ, 0 
14,3,3,AQP, 0 
14,3,3,MRPP, 0 
14,3,3,MACSEP, 0 
14,3,3,LMP, 10 
14,3,3,ZÖLDEK, 2 
14,3,3,MSZP-EGYÜTT-DK-PM-MLP, 66 
14,3,3,JOBBIK, 81 
14,3,3,MDU, 0 
14,3,4,EGYÜTT 2014, 2 
14,3,4,TEMPO, 0 
14,3,4,SEM, 0 
14,3,4,KTI, 1 
14,3,4,FKGP, 3 
14,3,4,MCP, 1 
14,3,4,ÖP, 1 
14,3,4,FIDESZ-KDNP, 112 
14,3,4,NEMZETI ÉRDEKÉRT, 1 
14,3,4,A HAZA NEM ELADÓ, 1 
14,3,4,AQP, 0 
14,3,4,MRPP, 0 
14,3,4,MACSEP, 0 
14,3,4,LMP, 16 
14,3,4,ZÖLDEK, 3 
14,3,4,MSZP-EGYÜTT-DK-PM-MLP, 101 
14,3,4,JOBBIK, 72 
14,3,4,MDU, 0 
14,4,1,FIDESZ-KDNP, 277 
14,4,1,EU. ROM, 0 
14,4,1,JOBBIK, 79 
14,4,1,ÚDP, 0 
14,4,1,EP, 0 
14,4,1,SMS, 2 
14,4,1,SZOCIÁLDEMOKRATÁK, 4 
14,4,1,LMP, 18 
14,4,1,EGYÜTT 2014, 4 
14,4,1,JESZ, 2 
14,4,1,SZAVA, 1 
14,4,1,SEM, 2 
14,4,1,ÖP, 0 
14,4,1,MSZP-EGYÜTT-DK-PM-MLP, 87 
14,4,2,FIDESZ-KDNP, 238 
14,4,2,EU. ROM, 0 
14,4,2,JOBBIK, 95 
14,4,2,ÚDP, 0 
14,4,2,EP, 0 
14,4,2,SMS, 2 
14,4,2,SZOCIÁLDEMOKRATÁK, 5 
14,4,2,LMP, 19 
14,4,2,EGYÜTT 2014, 1 
14,4,2,JESZ, 1 
14,4,2,SZAVA, 0 
14,4,2,SEM, 3 
14,4,2,ÖP, 5 
14,4,2,MSZP-EGYÜTT-DK-PM-MLP, 59 
14,4,3,FIDESZ-KDNP, 246 
14,4,3,EU. ROM, 2 
14,4,3,JOBBIK, 93 
14,4,3,ÚDP, 0 
14,4,3,EP, 0 
14,4,3,SMS, 2 
14,4,3,SZOCIÁLDEMOKRATÁK, 3 
14,4,3,LMP, 23 
14,4,3,EGYÜTT 2014, 0 
14,4,3,JESZ, 1 
14,4,3,SZAVA, 2 
14,4,3,SEM, 2 
14,4,3,ÖP, 3 
14,4,3,MSZP-EGYÜTT-DK-PM-MLP, 71 
14,4,4,FIDESZ-KDNP, 251 
14,4,4,EU. ROM, 0 
14,4,4,JOBBIK, 93 
14,4,4,ÚDP, 0 
14,4,4,EP, 1 
14,4,4,SMS, 5 
14,4,4,SZOCIÁLDEMOKRATÁK, 2 
14,4,4,LMP, 24 
14,4,4,EGYÜTT 2014, 1 
14,4,4,JESZ, 0 
14,4,4,SZAVA, 1 
14,4,4,SEM, 1 
14,4,4,ÖP, 1 
14,4,4,MSZP-EGYÜTT-DK-PM-MLP, 104 
15,1,1,SMS, 0 
15,1,1,ÖP, 0 
15,1,1,LMP, 2 
15,1,1,KTI, 0 
15,1,1,JESZ, 1 
15,1,1,ÚMP, 0 
15,1,1,Független, 0 
15,1,1,JOBBIK, 10 
15,1,1,FIDESZ-KDNP, 62 
15,1,1,A HAZA NEM ELADÓ, 0 
15,1,1,SZOCIÁLDEMOKRATÁK, 0 
15,1,1,SZMP, 0 
15,1,1,MSZP-EGYÜTT-DK-PM-MLP, 59 
15,1,1,ÚDP, 0 
15,1,1,AQP, 0 
15,1,1,FKGP, 0 
15,2,1,ÉLŐLÁNC, 6 
15,2,1,ÚMP, 0 
15,2,1,A HAZA NEM ELADÓ, 1 
15,2,1,ÚDP, 0 
15,2,1,EGYÜTT 2014, 1 
15,2,1,FIDESZ-KDNP, 232 
15,2,1,SMS, 1 
15,2,1,LMP, 9 
15,2,1,MKSZU, 0 
15,2,1,FKGP, 1 
15,2,1,JESZ, 0 
15,2,1,SEM, 0 
15,2,1,JOBBIK, 79 
15,2,1,MSZP-EGYÜTT-DK-PM-MLP, 61 
15,2,1,ÚGP, 0 
15,2,1,KTI, 0 
15,2,2,ÉLŐLÁNC, 1 
15,2,2,ÚMP, 0 
15,2,2,A HAZA NEM ELADÓ, 0 
15,2,2,ÚDP, 0 
15,2,2,EGYÜTT 2014, 0 
15,2,2,FIDESZ-KDNP, 28 
15,2,2,SMS, 0 
15,2,2,LMP, 2 
15,2,2,MKSZU, 0 
15,2,2,FKGP, 0 
15,2,2,JESZ, 0 
15,2,2,SEM, 0 
15,2,2,JOBBIK, 4 
15,2,2,MSZP-EGYÜTT-DK-PM-MLP, 33 
15,2,2,ÚGP, 0 
15,2,2,KTI, 0 
15,3,1,ÉLŐLÁNC, 4 
15,3,1,ÚMP, 1 
15,3,1,A HAZA NEM ELADÓ, 5 
15,3,1,ÚDP, 0 
15,3,1,EGYÜTT 2014, 0 
15,3,1,FIDESZ-KDNP, 203 
15,3,1,SMS, 5 
15,3,1,LMP, 20 
15,3,1,MKSZU, 0 
15,3,1,FKGP, 1 
15,3,1,JESZ, 1 
15,3,1,SEM, 1 
15,3,1,JOBBIK, 78 
15,3,1,MSZP-EGYÜTT-DK-PM-MLP, 78 
15,3,1,ÚGP, 0 
15,3,1,KTI, 0 
15,3,2,ÉLŐLÁNC, 6 
15,3,2,ÚMP, 0 
15,3,2,A HAZA NEM ELADÓ, 2 
15,3,2,ÚDP, 0 
15,3,2,EGYÜTT 2014, 0 
15,3,2,FIDESZ-KDNP, 243 
15,3,2,SMS, 1 
15,3,2,LMP, 22 
15,3,2,MKSZU, 0 
15,3,2,FKGP, 1 
15,3,2,JESZ, 1 
15,3,2,SEM, 1 
15,3,2,JOBBIK, 123 
15,3,2,MSZP-EGYÜTT-DK-PM-MLP, 85 
15,3,2,ÚGP, 0 
15,3,2,KTI, 1 
15,4,1,SMS, 1 
15,4,1,ÚDP, 1 
15,4,1,MCP, 3 
15,4,1,FKGP, 2 
15,4,1,EGYÜTT 2014, 1 
15,4,1,ÚMP, 2 
15,4,1,KTI, 2 
15,4,1,HATMAP, 0 
15,4,1,JOBBIK, 95 
15,4,1,LMP, 2 
15,4,1,FIDESZ-KDNP, 163 
15,4,1,A HAZA NEM ELADÓ, 1 
15,4,1,4K!, 1 
15,4,1,JESZ, 0 
15,4,1,MUNKÁSPÁRT, 1 
15,4,1,ÖP, 0 
15,4,1,MSZP-EGYÜTT-DK-PM-MLP, 80 
15,4,1,SZOCIÁLDEMOKRATÁK, 0 
15,4,1,SZMP, 0 
15,4,1,MEGÚJULÁSPÁRT, 1 
15,4,2,SMS, 1 
15,4,2,ÚDP, 0 
15,4,2,MCP, 5 
15,4,2,FKGP, 5 
15,4,2,EGYÜTT 2014, 0 
15,4,2,ÚMP, 1 
15,4,2,KTI, 0 
15,4,2,HATMAP, 0 
15,4,2,JOBBIK, 50 
15,4,2,LMP, 2 
15,4,2,FIDESZ-KDNP, 147 
15,4,2,A HAZA NEM ELADÓ, 0 
15,4,2,4K!, 0 
15,4,2,JESZ, 0 
15,4,2,MUNKÁSPÁRT, 1 
15,4,2,ÖP, 0 
15,4,2,MSZP-EGYÜTT-DK-PM-MLP, 55 
15,4,2,SZOCIÁLDEMOKRATÁK, 0 
15,4,2,SZMP, 0 
15,4,2,MEGÚJULÁSPÁRT, 0 
16,1,1,FIDESZ-KDNP, 273 
16,1,1,MUNKÁSPÁRT, 16 
16,1,1,SZOCIÁLDEMOKRATÁK, 0 
16,1,1,KISGAZDAPÁRT-MIÉP, 1 
16,1,1,LMP, 11 
16,1,1,JOBBIK, 173 
16,1,1,EU. ROM, 0 
16,1,1,MCP, 31 
16,1,1,MACSEP, 0 
16,1,1,SMS, 1 
16,1,1,ZÖLDEK, 6 
16,1,1,MSZP-EGYÜTT-DK-PM-MLP, 123 
16,1,1,JESZ, 1 
16,1,1,SEM, 2 
16,1,1,ÖP, 1 
16,1,1,A HAZA NEM ELADÓ, 0 
16,1,2,FIDESZ-KDNP, 292 
16,1,2,MUNKÁSPÁRT, 9 
16,1,2,SZOCIÁLDEMOKRATÁK, 0 
16,1,2,KISGAZDAPÁRT-MIÉP, 1 
16,1,2,LMP, 14 
16,1,2,JOBBIK, 190 
16,1,2,EU. ROM, 0 
16,1,2,MCP, 8 
16,1,2,MACSEP, 0 
16,1,2,SMS, 3 
16,1,2,ZÖLDEK, 3 
16,1,2,MSZP-EGYÜTT-DK-PM-MLP, 103 
16,1,2,JESZ, 0 
16,1,2,SEM, 1 
16,1,2,ÖP, 2 
16,1,2,A HAZA NEM ELADÓ, 1 
16,1,3,FIDESZ-KDNP, 344 
16,1,3,MUNKÁSPÁRT, 9 
16,1,3,SZOCIÁLDEMOKRATÁK, 0 
16,1,3,KISGAZDAPÁRT-MIÉP, 1 
16,1,3,LMP, 18 
16,1,3,JOBBIK, 164 
16,1,3,EU. ROM, 0 
16,1,3,MCP, 19 
16,1,3,MACSEP, 0 
16,1,3,SMS, 5 
16,1,3,ZÖLDEK, 7 
16,1,3,MSZP-EGYÜTT-DK-PM-MLP, 100 
16,1,3,JESZ, 5 
16,1,3,SEM, 0 
16,1,3,ÖP, 3 
16,1,3,A HAZA NEM ELADÓ, 3 
16,2,1,FIDESZ-KDNP, 186 
16,2,1,MUNKÁSPÁRT, 2 
16,2,1,SZOCIÁLDEMOKRATÁK, 0 
16,2,1,KISGAZDAPÁRT-MIÉP, 0 
16,2,1,LMP, 9 
16,2,1,JOBBIK, 157 
16,2,1,EU. ROM, 0 
16,2,1,MCP, 0 
16,2,1,MACSEP, 0 
16,2,1,SMS, 1 
16,2,1,ZÖLDEK, 2 
16,2,1,MSZP-EGYÜTT-DK-PM-MLP, 109 
16,2,1,JESZ, 1 
16,2,1,SEM, 0 
16,2,1,ÖP, 5 
16,2,1,A HAZA NEM ELADÓ, 2 
16,2,2,FIDESZ-KDNP, 144 
16,2,2,MUNKÁSPÁRT, 4 
16,2,2,SZOCIÁLDEMOKRATÁK, 0 
16,2,2,KISGAZDAPÁRT-MIÉP, 0 
16,2,2,LMP, 3 
16,2,2,JOBBIK, 147 
16,2,2,EU. ROM, 0 
16,2,2,MCP, 1 
16,2,2,MACSEP, 0 
16,2,2,SMS, 0 
16,2,2,ZÖLDEK, 2 
16,2,2,MSZP-EGYÜTT-DK-PM-MLP, 35 
16,2,2,JESZ, 2 
16,2,2,SEM, 1 
16,2,2,ÖP, 0 
16,2,2,A HAZA NEM ELADÓ, 5 
16,3,1,MACSEP, 0 
16,3,1,JESZ, 2 
16,3,1,EU. ROM, 0 
16,3,1,MSZP-EGYÜTT-DK-PM-MLP, 86 
16,3,1,ÖP, 0 
16,3,1,MUNKÁSPÁRT, 5 
16,3,1,KISGAZDAPÁRT-MIÉP, 1 
16,3,1,FIDESZ-KDNP, 152 
16,3,1,LMP, 5 
16,3,1,MRPP, 0 
16,3,1,FKGP, 0 
16,3,1,SMS, 0 
16,3,1,SEM, 0 
16,3,1,SZOCIÁLDEMOKRATÁK, 0 
16,3,1,ZÖLDEK, 1 
16,3,1,JOBBIK, 105 
16,3,1,MCP, 0 
16,3,1,A HAZA NEM ELADÓ, 0 
16,3,2,MACSEP, 0 
16,3,2,JESZ, 1 
16,3,2,EU. ROM, 0 
16,3,2,MSZP-EGYÜTT-DK-PM-MLP, 53 
16,3,2,ÖP, 0 
16,3,2,MUNKÁSPÁRT, 2 
16,3,2,KISGAZDAPÁRT-MIÉP, 0 
16,3,2,FIDESZ-KDNP, 125 
16,3,2,LMP, 9 
16,3,2,MRPP, 0 
16,3,2,FKGP, 0 
16,3,2,SMS, 0 
16,3,2,SEM, 0 
16,3,2,SZOCIÁLDEMOKRATÁK, 1 
16,3,2,ZÖLDEK, 1 
16,3,2,JOBBIK, 84 
16,3,2,MCP, 1 
16,3,2,A HAZA NEM ELADÓ, 2 
16,3,3,MACSEP, 0 
16,3,3,JESZ, 2 
16,3,3,EU. ROM, 0 
16,3,3,MSZP-EGYÜTT-DK-PM-MLP, 74 
16,3,3,ÖP, 0 
16,3,3,MUNKÁSPÁRT, 0 
16,3,3,KISGAZDAPÁRT-MIÉP, 1 
16,3,3,FIDESZ-KDNP, 140 
16,3,3,LMP, 2 
16,3,3,MRPP, 0 
16,3,3,FKGP, 0 
16,3,3,SMS, 1 
16,3,3,SEM, 0 
16,3,3,SZOCIÁLDEMOKRATÁK, 0 
16,3,3,ZÖLDEK, 3 
16,3,3,JOBBIK, 120 
16,3,3,MCP, 1 
16,3,3,A HAZA NEM ELADÓ, 0 
16,4,1,FIDESZ-KDNP, 187 
16,4,1,FKGP, 1 
16,4,1,NEMZETI ÉRDEKÉRT, 0 
16,4,1,KTI, 3 
16,4,1,JOBBIK, 98 
16,4,1,EP, 0 
16,4,1,JESZ, 1 
16,4,1,MCP, 2 
16,4,1,ZÖLDEK, 0 
16,4,1,EGYÜTT 2014, 0 
16,4,1,A HAZA NEM ELADÓ, 0 
16,4,1,SZOCIÁLDEMOKRATÁK, 0 
16,4,1,KISGAZDAPÁRT-MIÉP, 0 
16,4,1,MSZP-EGYÜTT-DK-PM-MLP, 29 
16,4,1,ÖP, 0 
16,4,1,LMP, 0 
16,4,1,SMS, 2 
16,4,1,Független, 0 
16,4,1,MUNKÁSPÁRT, 4 
16,4,2,FIDESZ-KDNP, 180 
16,4,2,FKGP, 0 
16,4,2,NEMZETI ÉRDEKÉRT, 0 
16,4,2,KTI, 20 
16,4,2,JOBBIK, 112 
16,4,2,EP, 0 
16,4,2,JESZ, 0 
16,4,2,MCP, 1 
16,4,2,ZÖLDEK, 0 
16,4,2,EGYÜTT 2014, 0 
16,4,2,A HAZA NEM ELADÓ, 0 
16,4,2,SZOCIÁLDEMOKRATÁK, 0 
16,4,2,KISGAZDAPÁRT-MIÉP, 0 
16,4,2,MSZP-EGYÜTT-DK-PM-MLP, 44 
16,4,2,ÖP, 0 
16,4,2,LMP, 0 
16,4,2,SMS, 1 
16,4,2,Független, 3 
16,4,2,MUNKÁSPÁRT, 2 
17,1,1,JOBBIK, 57 
17,1,1,MKSZU, 0 
17,1,1,MSZP-EGYÜTT-DK-PM-MLP, 93 
17,1,1,MACSEP, 0 
17,1,1,AQP, 1 
17,1,1,LMP, 13 
17,1,1,FKGP, 0 
17,1,1,FIDESZ-KDNP, 172 
17,1,1,ZÖLDEK, 1 
17,1,1,EGYÜTT 2014, 2 
17,1,1,A HAZA NEM ELADÓ, 1 
17,2,1,SEM, 0 
17,2,1,KTI, 0 
17,2,1,LMP, 25 
17,2,1,SMS, 2 
17,2,1,FIDESZ-KDNP, 143 
17,2,1,JOBBIK, 84 
17,2,1,MCF, 0 
17,2,1,MCP, 3 
17,2,1,ÚMP, 0 
17,2,1,SZOCIÁLDEMOKRATÁK, 1 
17,2,1,MSZP-EGYÜTT-DK-PM-MLP, 64 
17,2,1,MACSEP, 0 
17,2,1,ÚDP, 0 
17,2,1,A HAZA NEM ELADÓ, 3 
17,3,1,JOBBIK, 53 
17,3,1,MKSZU, 0 
17,3,1,MSZP-EGYÜTT-DK-PM-MLP, 30 
17,3,1,MACSEP, 0 
17,3,1,AQP, 0 
17,3,1,LMP, 6 
17,3,1,FKGP, 0 
17,3,1,FIDESZ-KDNP, 122 
17,3,1,ZÖLDEK, 2 
17,3,1,EGYÜTT 2014, 0 
17,3,1,A HAZA NEM ELADÓ, 0 
17,3,2,JOBBIK, 49 
17,3,2,MKSZU, 1 
17,3,2,MSZP-EGYÜTT-DK-PM-MLP, 43 
17,3,2,MACSEP, 0 
17,3,2,AQP, 0 
17,3,2,LMP, 10 
17,3,2,FKGP, 0 
17,3,2,FIDESZ-KDNP, 209 
17,3,2,ZÖLDEK, 1 
17,3,2,EGYÜTT 2014, 0 
17,3,2,A HAZA NEM ELADÓ, 4 
17,4,1,JOBBIK, 113 
17,4,1,MKSZU, 0 
17,4,1,MSZP-EGYÜTT-DK-PM-MLP, 55 
17,4,1,MACSEP, 0 
17,4,1,AQP, 1 
17,4,1,LMP, 4 
17,4,1,FKGP, 2 
17,4,1,FIDESZ-KDNP, 174 
17,4,1,ZÖLDEK, 1 
17,4,1,EGYÜTT 2014, 0 
17,4,1,A HAZA NEM ELADÓ, 0 
18,1,1,FIDESZ-KDNP, 110 
18,1,1,ÚDP, 2 
18,1,1,SZOCIÁLDEMOKRATÁK, 0 
18,1,1,KTI, 2 
18,1,1,MSZP-EGYÜTT-DK-PM-MLP, 84 
18,1,1,MCP, 0 
18,1,1,LMP, 12 
18,1,1,ÚMP, 2 
18,1,1,ÖP, 1 
18,1,1,JESZ, 1 
18,1,1,JOBBIK, 58 
18,1,1,KISGAZDAPÁRT-MIÉP, 1 
18,1,1,Nemzeti Forr.Párt, 0 
18,2,1,SEM, 2 
18,2,1,JOBBIK, 44 
18,2,1,A HAZA NEM ELADÓ, 0 
18,2,1,LMP, 3 
18,2,1,ÚDP, 0 
18,2,1,SMS, 0 
18,2,1,SZMP, 0 
18,2,1,FKGP, 0 
18,2,1,SZAVA, 0 
18,2,1,MCP, 0 
18,2,1,SZDP, 0 
18,2,1,KMSZ, 0 
18,2,1,JESZ, 1 
18,2,1,MSZP-EGYÜTT-DK-PM-MLP, 16 
18,2,1,ÚMP, 0 
18,2,1,FIDESZ-KDNP, 110 
18,3,1,SEM, 1 
18,3,1,JOBBIK, 44 
18,3,1,A HAZA NEM ELADÓ, 0 
18,3,1,LMP, 3 
18,3,1,ÚDP, 0 
18,3,1,SMS, 1 
18,3,1,SZMP, 0 
18,3,1,FKGP, 1 
18,3,1,SZAVA, 1 
18,3,1,MCP, 0 
18,3,1,SZDP, 0 
18,3,1,KMSZ, 1 
18,3,1,JESZ, 0 
18,3,1,MSZP-EGYÜTT-DK-PM-MLP, 30 
18,3,1,ÚMP, 0 
18,3,1,FIDESZ-KDNP, 212 
18,4,1,SEM, 0 
18,4,1,JOBBIK, 27 
18,4,1,A HAZA NEM ELADÓ, 0 
18,4,1,LMP, 4 
18,4,1,ÚDP, 0 
18,4,1,SMS, 0 
18,4,1,SZMP, 0 
18,4,1,FKGP, 0 
18,4,1,SZAVA, 0 
18,4,1,MCP, 0 
18,4,1,SZDP, 0 
18,4,1,KMSZ, 0 
18,4,1,JESZ, 0 
18,4,1,MSZP-EGYÜTT-DK-PM-MLP, 6 
18,4,1,ÚMP, 0 
18,4,1,FIDESZ-KDNP, 80 
19,1,1,JOBBIK, 77 
19,1,1,ÚDP, 0 
19,1,1,JESZ, 1 
19,1,1,ÚMP, 0 
19,1,1,MCP, 0 
19,1,1,ZÖLDEK, 0 
19,1,1,LMP, 8 
19,1,1,MSZP-EGYÜTT-DK-PM-MLP, 47 
19,1,1,FIDESZ-KDNP, 250 
19,1,1,EP, 0 
19,2,1,JOBBIK, 58 
19,2,1,ÚDP, 0 
19,2,1,JESZ, 0 
19,2,1,ÚMP, 0 
19,2,1,MCP, 0 
19,2,1,ZÖLDEK, 2 
19,2,1,LMP, 2 
19,2,1,MSZP-EGYÜTT-DK-PM-MLP, 17 
19,2,1,FIDESZ-KDNP, 82 
19,2,1,EP, 1 
19,3,1,MSZP-EGYÜTT-DK-PM-MLP, 183 
19,3,1,SEM, 2 
19,3,1,A HAZA NEM ELADÓ, 4 
19,3,1,MCP, 0 
19,3,1,ÚMP, 0 
19,3,1,KTI, 0 
19,3,1,SZOCIÁLDEMOKRATÁK, 2 
19,3,1,ÉLŐLÁNC, 1 
19,3,1,JESZ, 1 
19,3,1,JOBBIK, 100 
19,3,1,ÚDP, 0 
19,3,1,FIDESZ-KDNP, 261 
19,3,1,MGP, 0 
19,3,1,ÖP, 0 
19,3,1,LMP, 23 
19,3,1,EU. ROM, 0 
19,3,1,ÚGP, 3 
19,3,2,MSZP-EGYÜTT-DK-PM-MLP, 181 
19,3,2,SEM, 4 
19,3,2,A HAZA NEM ELADÓ, 1 
19,3,2,MCP, 1 
19,3,2,ÚMP, 0 
19,3,2,KTI, 0 
19,3,2,SZOCIÁLDEMOKRATÁK, 1 
19,3,2,ÉLŐLÁNC, 2 
19,3,2,JESZ, 0 
19,3,2,JOBBIK, 119 
19,3,2,ÚDP, 0 
19,3,2,FIDESZ-KDNP, 249 
19,3,2,MGP, 4 
19,3,2,ÖP, 1 
19,3,2,LMP, 14 
19,3,2,EU. ROM, 0 
19,3,2,ÚGP, 1 
19,3,3,MSZP-EGYÜTT-DK-PM-MLP, 202 
19,3,3,SEM, 3 
19,3,3,A HAZA NEM ELADÓ, 2 
19,3,3,MCP, 0 
19,3,3,ÚMP, 0 
19,3,3,KTI, 0 
19,3,3,SZOCIÁLDEMOKRATÁK, 0 
19,3,3,ÉLŐLÁNC, 0 
19,3,3,JESZ, 2 
19,3,3,JOBBIK, 85 
19,3,3,ÚDP, 0 
19,3,3,FIDESZ-KDNP, 204 
19,3,3,MGP, 1 
19,3,3,ÖP, 1 
19,3,3,LMP, 19 
19,3,3,EU. ROM, 2 
19,3,3,ÚGP, 1 
19,3,4,MSZP-EGYÜTT-DK-PM-MLP, 324 
19,3,4,SEM, 7 
19,3,4,A HAZA NEM ELADÓ, 6 
19,3,4,MCP, 0 
19,3,4,ÚMP, 0 
19,3,4,KTI, 0 
19,3,4,SZOCIÁLDEMOKRATÁK, 3 
19,3,4,ÉLŐLÁNC, 1 
19,3,4,JESZ, 0 
19,3,4,JOBBIK, 99 
19,3,4,ÚDP, 0 
19,3,4,FIDESZ-KDNP, 285 
19,3,4,MGP, 0 
19,3,4,ÖP, 1 
19,3,4,LMP, 33 
19,3,4,EU. ROM, 0 
19,3,4,ÚGP, 1 
19,4,1,SEM, 2 
19,4,1,MSZP-EGYÜTT-DK-PM-MLP, 167 
19,4,1,JESZ, 5 
19,4,1,ÚMP, 0 
19,4,1,A HAZA NEM ELADÓ, 1 
19,4,1,MDU, 0 
19,4,1,ÚDP, 1 
19,4,1,ÖP, 3 
19,4,1,SZOCIÁLDEMOKRATÁK, 0 
19,4,1,"REND, SZABADSÁG", 1 
19,4,1,MCP, 0 
19,4,1,MKSZU, 1 
19,4,1,EU. ROM, 0 
19,4,1,LMP, 17 
19,4,1,JOBBIK, 73 
19,4,1,FIDESZ-KDNP, 260 
19,4,2,SEM, 3 
19,4,2,MSZP-EGYÜTT-DK-PM-MLP, 118 
19,4,2,JESZ, 2 
19,4,2,ÚMP, 0 
19,4,2,A HAZA NEM ELADÓ, 3 
19,4,2,MDU, 1 
19,4,2,ÚDP, 0 
19,4,2,ÖP, 1 
19,4,2,SZOCIÁLDEMOKRATÁK, 1 
19,4,2,"REND, SZABADSÁG", 0 
19,4,2,MCP, 0 
19,4,2,MKSZU, 1 
19,4,2,EU. ROM, 0 
19,4,2,LMP, 18 
19,4,2,JOBBIK, 56 
19,4,2,FIDESZ-KDNP, 237 
20,1,1,FKGP, 1 
20,1,1,SMS, 0 
20,1,1,ÚDP, 0 
20,1,1,LMP, 5 
20,1,1,MCP, 0 
20,1,1,MSZP-EGYÜTT-DK-PM-MLP, 49 
20,1,1,JOBBIK, 45 
20,1,1,FIDESZ-KDNP, 101 
20,1,1,ÚMP, 0 
20,1,1,A HAZA NEM ELADÓ, 0 
20,1,1,MRPP, 0 
20,1,1,JESZ, 0 
20,2,1,FKGP, 0 
20,2,1,SMS, 0 
20,2,1,ÚDP, 0 
20,2,1,LMP, 3 
20,2,1,MCP, 0 
20,2,1,MSZP-EGYÜTT-DK-PM-MLP, 2 
20,2,1,JOBBIK, 1 
20,2,1,FIDESZ-KDNP, 25 
20,2,1,ÚMP, 0 
20,2,1,A HAZA NEM ELADÓ, 1 
20,2,1,MRPP, 0 
20,2,1,JESZ, 0 
20,3,1,FKGP, 2 
20,3,1,SMS, 1 
20,3,1,ÚDP, 0 
20,3,1,LMP, 16 
20,3,1,MCP, 1 
20,3,1,MSZP-EGYÜTT-DK-PM-MLP, 37 
20,3,1,JOBBIK, 91 
20,3,1,FIDESZ-KDNP, 152 
20,3,1,ÚMP, 0 
20,3,1,A HAZA NEM ELADÓ, 2 
20,3,1,MRPP, 0 
20,3,1,JESZ, 1 
20,4,1,FKGP, 8 
20,4,1,SMS, 7 
20,4,1,ÚDP, 0 
20,4,1,LMP, 33 
20,4,1,MCP, 1 
20,4,1,MSZP-EGYÜTT-DK-PM-MLP, 127 
20,4,1,JOBBIK, 143 
20,4,1,FIDESZ-KDNP, 368 
20,4,1,ÚMP, 0 
20,4,1,A HAZA NEM ELADÓ, 5 
20,4,1,MRPP, 1 
20,4,1,JESZ, 0 
